{
  "sigma_by_month": {
    "1": 2.4966884470567505,
    "2": 3.753907032095302,
    "3": 3.5659837676028627,
    "4": 2.978433401460582,
    "5": 2.908183040962968,
    "6": 2.3700536495738143,
    "7": 2.400265722141997,
    "8": 2.118834702284571,
    "9": 2.2891899018509116,
    "10": 2.4403138932172888,
    "11": 2.8114655968456,
    "12": 3.3239758152273344
  },
  "monthly_scale": {
    "1": 0.8087659873562119,
    "2": 1.100104657935209,
    "3": 0.9492568236823352,
    "4": 0.8528187664310635,
    "5": 0.9098442175950586,
    "6": 0.9028441801531202,
    "7": 0.9434546301303163,
    "8": 0.8637960747090981,
    "9": 0.9834238407526988,
    "10": 0.9805763928756079,
    "11": 1.0513485734706116,
    "12": 1.0871911290267238
  },
  "regime_thresholds": {
    "spread_high": 3.0,
    "consensus_high": 0.41691210406254375,
    "dod_high": 6.4079873085021966
  }
}