{
  "base": {
    "mae": 1.9905,
    "rmse": 2.6349,
    "r2": 0.9737,
    "mean_sigma": 2.6966,
    "median_sigma": 2.5904,
    "crps_mean": 1.4499,
    "crps_median": 1.0319,
    "log_score_mean": 2.3755,
    "pit_ks_statistic": 0.0602,
    "pit_ks_pvalue": 0.0097,
    "pit_histogram": [
      55,
      54,
      70,
      90,
      88,
      90,
      70,
      69,
      74,
      71
    ],
    "coverage": {
      "50%": {
        "target_coverage": 0.5,
        "actual_coverage": 0.5513,
        "coverage_error": 0.0513,
        "avg_width_F": 3.64,
        "median_width_F": 3.49
      },
      "80%": {
        "target_coverage": 0.8,
        "actual_coverage": 0.8276,
        "coverage_error": 0.0276,
        "avg_width_F": 6.91,
        "median_width_F": 6.64
      },
      "90%": {
        "target_coverage": 0.9,
        "actual_coverage": 0.9111,
        "coverage_error": 0.0111,
        "avg_width_F": 8.87,
        "median_width_F": 8.52
      },
      "95%": {
        "target_coverage": 0.95,
        "actual_coverage": 0.9439,
        "coverage_error": -0.0061,
        "avg_width_F": 10.57,
        "median_width_F": 10.15
      }
    },
    "sharpness_95pct_width": 10.57,
    "sharpness_90pct_width": 8.87,
    "ece": 0.2188,
    "reliability_diagram": {
      "bin_centers": [
        0.0538,
        0.148,
        0.2505,
        0.354,
        0.4536,
        0.544,
        0.6463,
        0.7531,
        0.8505,
        0.9591
      ],
      "observed_frequency": [
        0.0752,
        0.0739,
        0.0958,
        0.1231,
        0.1204,
        0.1231,
        0.0958,
        0.0944,
        0.1012,
        0.0971
      ],
      "bin_counts": [
        55,
        54,
        70,
        90,
        88,
        90,
        70,
        69,
        74,
        71
      ]
    },
    "brier_decomposition": {
      "threshold_52F": {
        "threshold_F": 52.0,
        "brier_score": 0.034482,
        "reliability": 0.001645,
        "resolution": 0.157212,
        "uncertainty": 0.191039,
        "brier_skill_score": 0.8195,
        "climatological_frequency": 0.7428
      },
      "threshold_65F": {
        "threshold_F": 64.9,
        "brier_score": 0.026739,
        "reliability": 0.004384,
        "resolution": 0.226681,
        "uncertainty": 0.249962,
        "brier_skill_score": 0.893,
        "climatological_frequency": 0.4938
      },
      "threshold_79F": {
        "threshold_F": 79.0,
        "brier_score": 0.035098,
        "reliability": 0.00197,
        "resolution": 0.148925,
        "uncertainty": 0.182798,
        "brier_skill_score": 0.808,
        "climatological_frequency": 0.2408
      }
    },
    "seasonal_crps": {
      "DJF": 1.5786,
      "MAM": 1.7175,
      "JJA": 1.3081,
      "SON": 1.1946
    }
  },
  "monthly_cal": {
    "mae": 1.9905,
    "rmse": 2.6349,
    "r2": 0.9737,
    "mean_sigma": 2.6966,
    "median_sigma": 2.5904,
    "crps_mean": 1.4499,
    "crps_median": 1.0319,
    "log_score_mean": 2.3755,
    "pit_ks_statistic": 0.0602,
    "pit_ks_pvalue": 0.0097,
    "pit_histogram": [
      55,
      54,
      70,
      90,
      88,
      90,
      70,
      69,
      74,
      71
    ],
    "coverage": {
      "50%": {
        "target_coverage": 0.5,
        "actual_coverage": 0.5513,
        "coverage_error": 0.0513,
        "avg_width_F": 3.64,
        "median_width_F": 3.49
      },
      "80%": {
        "target_coverage": 0.8,
        "actual_coverage": 0.8276,
        "coverage_error": 0.0276,
        "avg_width_F": 6.91,
        "median_width_F": 6.64
      },
      "90%": {
        "target_coverage": 0.9,
        "actual_coverage": 0.9111,
        "coverage_error": 0.0111,
        "avg_width_F": 8.87,
        "median_width_F": 8.52
      },
      "95%": {
        "target_coverage": 0.95,
        "actual_coverage": 0.9439,
        "coverage_error": -0.0061,
        "avg_width_F": 10.57,
        "median_width_F": 10.15
      }
    },
    "sharpness_95pct_width": 10.57,
    "sharpness_90pct_width": 8.87,
    "ece": 0.2188,
    "reliability_diagram": {
      "bin_centers": [
        0.0538,
        0.148,
        0.2505,
        0.354,
        0.4536,
        0.544,
        0.6463,
        0.7531,
        0.8505,
        0.9591
      ],
      "observed_frequency": [
        0.0752,
        0.0739,
        0.0958,
        0.1231,
        0.1204,
        0.1231,
        0.0958,
        0.0944,
        0.1012,
        0.0971
      ],
      "bin_counts": [
        55,
        54,
        70,
        90,
        88,
        90,
        70,
        69,
        74,
        71
      ]
    },
    "brier_decomposition": {
      "threshold_52F": {
        "threshold_F": 52.0,
        "brier_score": 0.034482,
        "reliability": 0.001645,
        "resolution": 0.157212,
        "uncertainty": 0.191039,
        "brier_skill_score": 0.8195,
        "climatological_frequency": 0.7428
      },
      "threshold_65F": {
        "threshold_F": 64.9,
        "brier_score": 0.026739,
        "reliability": 0.004384,
        "resolution": 0.226681,
        "uncertainty": 0.249962,
        "brier_skill_score": 0.893,
        "climatological_frequency": 0.4938
      },
      "threshold_79F": {
        "threshold_F": 79.0,
        "brier_score": 0.035098,
        "reliability": 0.00197,
        "resolution": 0.148925,
        "uncertainty": 0.182798,
        "brier_skill_score": 0.808,
        "climatological_frequency": 0.2408
      }
    },
    "seasonal_crps": {
      "DJF": 1.5786,
      "MAM": 1.7175,
      "JJA": 1.3081,
      "SON": 1.1946
    }
  },
  "regime_cal": {
    "mae": 1.9905,
    "rmse": 2.6349,
    "r2": 0.9737,
    "mean_sigma": 2.7447,
    "median_sigma": 2.7462,
    "crps_mean": 1.452,
    "crps_median": 1.0331,
    "log_score_mean": 2.3788,
    "pit_ks_statistic": 0.0611,
    "pit_ks_pvalue": 0.0081,
    "pit_histogram": [
      55,
      51,
      73,
      88,
      90,
      90,
      72,
      72,
      66,
      74
    ],
    "coverage": {
      "50%": {
        "target_coverage": 0.5,
        "actual_coverage": 0.5622,
        "coverage_error": 0.0622,
        "avg_width_F": 3.7,
        "median_width_F": 3.7
      },
      "80%": {
        "target_coverage": 0.8,
        "actual_coverage": 0.8235,
        "coverage_error": 0.0235,
        "avg_width_F": 7.04,
        "median_width_F": 7.04
      },
      "90%": {
        "target_coverage": 0.9,
        "actual_coverage": 0.9138,
        "coverage_error": 0.0138,
        "avg_width_F": 9.03,
        "median_width_F": 9.03
      },
      "95%": {
        "target_coverage": 0.95,
        "actual_coverage": 0.9466,
        "coverage_error": -0.0034,
        "avg_width_F": 10.76,
        "median_width_F": 10.76
      }
    },
    "sharpness_95pct_width": 10.76,
    "sharpness_90pct_width": 9.03,
    "ece": 0.2192,
    "reliability_diagram": {
      "bin_centers": [
        0.0574,
        0.1502,
        0.252,
        0.3547,
        0.4537,
        0.5434,
        0.6456,
        0.7547,
        0.8483,
        0.9562
      ],
      "observed_frequency": [
        0.0752,
        0.0698,
        0.0999,
        0.1204,
        0.1231,
        0.1231,
        0.0985,
        0.0985,
        0.0903,
        0.1012
      ],
      "bin_counts": [
        55,
        51,
        73,
        88,
        90,
        90,
        72,
        72,
        66,
        74
      ]
    },
    "brier_decomposition": {
      "threshold_52F": {
        "threshold_F": 52.0,
        "brier_score": 0.034403,
        "reliability": 0.001774,
        "resolution": 0.157611,
        "uncertainty": 0.191039,
        "brier_skill_score": 0.8199,
        "climatological_frequency": 0.7428
      },
      "threshold_65F": {
        "threshold_F": 64.9,
        "brier_score": 0.026724,
        "reliability": 0.004914,
        "resolution": 0.227872,
        "uncertainty": 0.249962,
        "brier_skill_score": 0.8931,