proxy,period,strategy_name,n_trades,n_days,total_pnl,roi,sharpe_ratio,max_drawdown,win_rate,avg_ev
MOS Proxy,IS,S0396_ev0.15_proportional_kf0.05_fee0.07_mp0.05_br10000,768,4377,-682.5980011845251,-0.06825980011845251,-0.9340309654768026,823.1845167282816,0.2526041666666667,0.33835462173484493
MOS Proxy,OOS,S0396_ev0.15_proportional_kf0.05_fee0.07_mp0.05_br10000,364,2165,-655.3369212004965,-0.06553369212004964,-1.8361783805381926,679.043416016606,0.22252747252747251,0.3386920765287012
Enhanced Proxy,IS,S0396_ev0.15_proportional_kf0.05_fee0.07_mp0.05_br10000,351,4377,3118.5257828849317,0.31185257828849317,6.529513786059421,181.78246761539322,0.5811965811965812,0.255963577789253
Enhanced Proxy,OOS,S0396_ev0.15_proportional_kf0.05_fee0.07_mp0.05_br10000,162,2165,1572.6878028251585,0.15726878028251584,7.47586034977701,75.88415707787726,0.6049382716049383,0.2419463951527458
