{
  "sigma_by_month": {
    "1": 2.442512816495633,
    "2": 3.832266718069375,
    "3": 3.559508788065629,
    "4": 3.0310911366352493,
    "5": 2.9691799195462214,
    "6": 2.3602110425705347,
    "7": 2.3925240716015397,
    "8": 2.1074137773384054,
    "9": 2.2577267234668823,
    "10": 2.457978515910479,
    "11": 2.651871639390839,
    "12": 3.333830328725953
  },
  "monthly_scale": {
    "1": 0.7687971072804062,
    "2": 1.0932062861359029,
    "3": 0.9246906009499206,
    "4": 0.8423821937899341,
    "5": 0.9172541782818331,
    "6": 0.8762131961009891,
    "7": 0.9204761528561275,
    "8": 0.8599316269193458,
    "9": 0.9577808708717047,
    "10": 0.968656446530792,
    "11": 0.9749466209472901,
    "12": 1.0765241804446306
  },
  "regime_thresholds": {
    "spread_high": 3.0,
    "consensus_high": 0.39658694449815346,
    "dod_high": 6.353020113706592
  }
}