model,overall_model_brier,overall_nws_brier,overall_presettlement_brier,oos_model_brier,oos_nws_brier,best_model_all_trading_pnl,best_model_oos_trading_pnl,overall_vs_baseline_delta,oos_vs_baseline_delta
E8_feature_pruning,0.1742735742464218,0.1417753307718879,0.1270611137975499,0.1728777742998014,0.1392981064926715,-289.47,-46.25,0.04075702580488608,0.042687983040828104
E7_regularized,0.1814093457293967,0.1417753307718879,0.1270611137975499,0.1800680743442761,0.1392981064926715,-301.02,-49.93,0.047892797287861,0.049878283085302816
E3E4_weighted_uncertainty,0.1815202320976746,0.1417753307718879,0.1270611137975499,0.1797862780813826,0.1392981064926715,-310.09,-51.54,0.048003683656138885,0.0495964868224093
