model,overall_model_brier,overall_nws_brier,overall_presettlement_brier,oos_model_brier,oos_nws_brier,best_model_all_trading_pnl,best_model_oos_trading_pnl
E8_feature_pruning,0.17427357424642187,0.14177533077188792,0.12706111379754997,0.17287777429980147,0.13929810649267152,-289.47,-46.25
E7_regularized,0.18140934572939674,0.14177533077188792,0.12706111379754997,0.18006807434427613,0.13929810649267152,-301.02,-49.93
E3E4_weighted_uncertainty,0.18152023209767462,0.14177533077188792,0.12706111379754997,0.17978627808138262,0.13929810649267152,-310.09,-51.54
