model,overall_model_brier,overall_nws_brier,overall_presettlement_brier,oos_model_brier,oos_nws_brier,best_model_all_trading_pnl,best_model_oos_trading_pnl
E13_neural_synthesis_mlp,0.1161956705512638,0.14177533077188792,0.12706111379754997,0.10358207606243564,0.13929810649267152,-85.1,-1.01
E11_synthesis_stacker_market_aware,0.11657898575257672,0.14177533077188792,0.12706111379754997,0.10536368272790153,0.13929810649267152,-88.47,-3.57
