model,overall_model_brier,overall_nws_brier,overall_presettlement_brier,oos_model_brier,oos_nws_brier,best_model_all_trading_pnl,best_model_oos_trading_pnl
E17_contract_brier_synthesis,0.11408992049865649,0.14177533077188792,0.12706111379754997,0.1066402510782998,0.13929810649267152,-79.9,-6.08
E13_neural_synthesis_mlp,0.1161956705512638,0.14177533077188792,0.12706111379754997,0.10358207606243564,0.13929810649267152,-85.1,-1.01
