model,overall_model_brier,overall_nws_brier,overall_presettlement_brier,oos_model_brier,oos_nws_brier,best_model_all_trading_pnl,best_model_oos_trading_pnl
E11_synthesis_stacker_market_aware,0.11657898575257672,0.14177533077188792,0.12706111379754997,0.10536368272790153,0.13929810649267152,-88.47,-3.57
E3_weighted_ensemble_E4_uncertainty,0.13330568387307173,0.14177533077188792,0.12706111379754997,0.13004572811498297,0.13929810649267152,-124.66,-21.17
