model,overall_model_brier,overall_nws_brier,overall_presettlement_brier,oos_model_brier,oos_nws_brier,best_model_all_trading_pnl,best_model_oos_trading_pnl
E11_synthesis_stacker_market_aware,0.11657898575257672,0.14177533077188792,0.12706111379754997,0.10536368272790153,0.13929810649267152,-88.47,-3.57
E13_neural_synthesis_mlp,0.11684240378269066,0.14177533077188792,0.12706111379754997,0.10489050300030642,0.13929810649267152,-68.79,-4.55
