model,overall_model_brier,overall_nws_brier,overall_presettlement_brier,oos_model_brier,oos_nws_brier,best_model_all_trading_pnl,best_model_oos_trading_pnl
E11_synthesis_stacker_market_aware,0.12176230322573355,0.14177533077188792,0.12706111379754997,0.11053013878012687,0.13929810649267152,-70.75,-6.98
E3_weighted_ensemble_E4_uncertainty,0.13330568387307173,0.14177533077188792,0.12706111379754997,0.13004572811498297,0.13929810649267152,-124.66,-21.17
