{
  "regime_thresholds": {
    "spread_high": 3.0,
    "consensus_high": 0.3005897532963247,
    "dod_high": 6.4262592323124395
  },
  "regime_sigma_models": {
    "low_var": 2.2007007718279272,
    "medium_var": 2.580381309881029,
    "high_var": 3.693423905029652,
    "seasonal_transition": 2.969190394392844
  },
  "monthly_scale_factors": {
    "1": 0.8054113432030393,
    "2": 1.1439231868222342,
    "3": 0.96214116127364,
    "4": 0.884440002501472,
    "5": 0.9253764177244519,
    "6": 0.9174341810056315,
    "7": 0.9169013655071484,
    "8": 0.8663682092595358,
    "9": 0.9377695181889472,
    "10": 0.9575520481094593,
    "11": 1.0098310611291097,
    "12": 1.0683491198006059
  },
  "sigma_by_month": {
    "1": 2.5438105487287985,
    "2": 3.9422517735811193,
    "3": 3.6036504469314914,
    "4": 3.0998130337838643,
    "5": 2.94885839745665,
    "6": 2.4705425903244724,
    "7": 2.3617434128246297,
    "8": 2.163173257287398,
    "9": 2.294533709360405,
    "10": 2.5359584480141644,
    "11": 2.8703302767345598,
    "12": 3.4258195153671505
  }
}