{
  "Winter (DJF)": {
    "brier_score": 0.19440312559490383,
    "log_score": 0.6218579119631589,
    "ece": 0.1788427122484532,
    "mce": 0.950423859680213,
    "n_samples": 515
  },
  "Spring (MAM)": {
    "brier_score": 0.24342985809332698,
    "log_score": 0.8142328151895306,
    "ece": 0.2302552233778249,
    "mce": 0.9808549717357203,
    "n_samples": 552
  },
  "Summer (JJA)": {
    "brier_score": 0.21198776936521863,
    "log_score": 0.6587140726265136,
    "ece": 0.19490084139144634,
    "mce": 0.7524919600298599,
    "n_samples": 552
  },
  "Fall (SON)": {
    "brier_score": 0.21460575072266555,
    "log_score": 0.6562398322380106,
    "ece": 0.20156475589800937,
    "mce": 0.9146719787675597,
    "n_samples": 546
  }
}