season,total_pnl,n_trades,win_rate,mean_pnl
Winter (DJF),756.1449663467706,67,0.6716417910447762,11.285745766369711
Spring (MAM),349.48454162279506,80,0.4375,4.368556770284938
Summer (JJA),657.6002177898845,88,0.5227272727272727,7.472729747612323
Fall (SON),792.5110166396565,76,0.618421052631579,10.427776534732322
