{
  "Winter (DJF)": {
    "brier_score": 0.02773103810010136,
    "log_score": 0.09517676604180662,
    "ece": 0.030468199568839307,
    "mce": 0.2482545388357708,
    "n_samples": 900
  },
  "Spring (MAM)": {
    "brier_score": 0.02968569030762422,
    "log_score": 0.09837317587493562,
    "ece": 0.025619291775439486,
    "mce": 0.20960422417267166,
    "n_samples": 920
  },
  "Summer (JJA)": {
    "brier_score": 0.027554571749974992,
    "log_score": 0.08830880515820132,
    "ece": 0.020072324051691025,
    "mce": 0.13753396791083072,
    "n_samples": 920
  },
  "Fall (SON)": {
    "brier_score": 0.02487638422618331,
    "log_score": 0.08591007219439949,
    "ece": 0.032206483895380965,
    "mce": 0.19343118550829708,
    "n_samples": 910
  }
}