{
  "strategy_name": "Best_from_2023_2024",
  "n_trades": 193,
  "n_days": 2165,
  "total_pnl": 2625.30083622552,
  "roi": 0.262530083622552,
  "sharpe_ratio": 9.722688676484394,
  "max_drawdown": 138.92661081008987,
  "win_rate": 0.6476683937823834,
  "avg_ev": 0.2492288262884933,
  "period": "2025",
  "bankroll": 10000.0,
  "brier_model": 0.2164816997381377,
  "brier_market": 0.2315114754801541,
  "brier_delta": -0.015029775742016416
}