{
  "strategy_name": "Best_from_2023_2024",
  "n_trades": 311,
  "n_days": 3650,
  "total_pnl": 2555.740742399106,
  "roi": 0.2555740742399106,
  "sharpe_ratio": 6.926273381056055,
  "max_drawdown": 205.8529301418564,
  "win_rate": 0.5562700964630225,
  "avg_ev": 0.28257457332404246,
  "period": "2025",
  "bankroll": 10000.0,
  "brier_model": 0.02746753014490666,
  "brier_market": 0.03297097776160425,
  "brier_delta": -0.00550344761669759
}