{
  "overall": {
    "model_brier": 0.02746753014490666,
    "market_brier": 0.03297097776160425,
    "brier_delta": -0.00550344761669759,
    "n_samples": 3650
  },
  "by_month": {
    "1": {
      "model_brier": 0.023496953357145352,
      "market_brier": 0.04059011833513434,
      "n": 310,
      "brier_delta": -0.017093164977988986
    },
    "2": {
      "model_brier": 0.024578547472815408,
      "market_brier": 0.04037740033076468,
      "n": 280,
      "brier_delta": -0.015798852857949273
    },
    "3": {
      "model_brier": 0.02922984627374397,
      "market_brier": 0.03152098561781485,
      "n": 310,
      "brier_delta": -0.0022911393440708805
    },
    "4": {
      "model_brier": 0.027063471228443714,
      "market_brier": 0.02705670111691159,
      "n": 300,
      "brier_delta": 6.770111532123507e-06
    },
    "5": {
      "model_brier": 0.03267916570845334,
      "market_brier": 0.02562769151531811,
      "n": 310,
      "brier_delta": 0.007051474193135232
    },
    "6": {
      "model_brier": 0.034712533900480146,
      "market_brier": 0.03588945414226952,
      "n": 300,
      "brier_delta": -0.0011769202417893712
    },
    "7": {
      "model_brier": 0.026561155035528788,
      "market_brier": 0.035778604980113184,
      "n": 310,
      "brier_delta": -0.009217449944584396
    },
    "8": {
      "model_brier": 0.021620928318771052,
      "market_brier": 0.023008665584013325,
      "n": 310,
      "brier_delta": -0.0013877372652422726
    },
    "9": {
      "model_brier": 0.02175802226313359,
      "market_brier": 0.02936307388817952,
      "n": 300,
      "brier_delta": -0.00760505162504593
    },
    "10": {
      "model_brier": 0.02748837942276096,
      "market_brier": 0.038503997977551545,
      "n": 310,
      "brier_delta": -0.011015618554790586
    },
    "11": {
      "model_brier": 0.025295684486102792,
      "market_brier": 0.03148052862556959,
      "n": 300,
      "brier_delta": -0.006184844139466798
    },
    "12": {
      "model_brier": 0.034812533732218875,
      "market_brier": 0.036910159878320255,
      "n": 310,
      "brier_delta": -0.0020976261461013793
    }
  },
  "by_season": {
    "Fall (SON)": {
      "model_brier": 0.02487638422618331,
      "market_brier": 0.03317507706281946,
      "n": 910,
      "brier_delta": -0.008298692836636153
    },
    "Spring (MAM)": {
      "model_brier": 0.02968569030762422,
      "market_brier": 0.028079456789505106,
      "n": 920,
      "brier_delta": 0.0016062335181191122
    },
    "Summer (JJA)": {
      "model_brier": 0.027554571749974992,
      "market_brier": 0.031511837084304425,
      "n": 920,
      "brier_delta": -0.003957265334329434
    },
    "Winter (DJF)": {
      "model_brier": 0.02773103810010136,
      "market_brier": 0.03925639815420559,
      "n": 900,
      "brier_delta": -0.01152536005410423
    }
  },
  "by_bucket": {
    "20-29": {
      "model_brier": 0.008505391843651712,
      "market_brier": 0.011546007498907343,
      "n": 365,
      "brier_delta": -0.003040615655255631
    },
    "30-39": {
      "model_brier": 0.027360551064837053,
      "market_brier": 0.03372950691670241,
      "n": 365,
      "brier_delta": -0.006368955851865355
    },
    "40-49": {
      "model_brier": 0.03999150668919286,
      "market_brier": 0.054674292320697065,
      "n": 365,
      "brier_delta": -0.014682785631504207
    },
    "50-59": {
      "model_brier": 0.042290568436809436,
      "market_brier": 0.053903749799194337,
      "n": 365,
      "brier_delta": -0.0116131813623849
    },
    "60-69": {
      "model_brier": 0.04408786788267917,
      "market_brier": 0.04849660792341116,
      "n": 365,
      "brier_delta": -0.0044087400407319885
    },
    "70-79": {
      "model_brier": 0.05717315730363398,
      "market_brier": 0.05375180074196053,
      "n": 365,
      "brier_delta": 0.003421356561673451
    },
    "80-89": {
      "model_brier": 0.044938934550795964,
      "market_brier": 0.049919784590977616,
      "n": 365,
      "brier_delta": -0.004980850040181652
    },
    "90-99": {
      "model_brier": 0.009575499430208708,
      "market_brier": 0.01755106445243148,
      "n": 365,
      "brier_delta": -0.007975565022222771
    },
    "Above 100": {
      "model_brier": 0.000371465771578034,
      "market_brier": 0.0017412723342221676,
      "n": 365,
      "brier_delta": -0.0013698065626441336
    },
    "Below 20": {
      "model_brier": 0.0003803584756796953,
      "market_brier": 0.004395691037538398,
      "n": 365,
      "brier_delta": -0.004015332561858703
    }
  },
  "n_samples": 3650
}