{
  "city": "Austin",
  "ticker": "KXHIGHAUS",
  "evaluation_unit": "listed_contract_rows",
  "contract_granularity": "day-specific Kalshi pre-settlement rows (typically 2F increments)",
  "n_total_rows": 8940,
  "n_total_dates": 592,
  "n_test_rows": 1428,
  "n_test_dates": 90,
  "n_buckets": 57,
  "methods": {
    "1_raw_uncalibrated": {
      "brier": 0.19690449802397778,
      "ece": 0.19380051905058795
    },
    "2_isotonic": {
      "brier": 0.15992637193702364,
      "ece": 0.02280069870010265
    },
    "3_platt_scaling": {
      "brier": 0.15981523612492285,
      "ece": 0.02210838674113788
    },
    "4_seasonal_regime": {
      "brier": 0.15958257671521614,
      "ece": 0.008602648540745024
    }
  },
  "best_method": "4_seasonal_regime",
  "best_brier": 0.15958257671521614
}