{
  "city": "Austin",
  "ticker": "KXHIGHAUS",
  "evaluation_unit": "listed_contract_rows",
  "contract_granularity": "day-specific Kalshi pre-settlement rows (typically 2F increments)",
  "n_total_rows": 8940,
  "n_total_dates": 592,
  "n_test_rows": 1428,
  "n_test_dates": 90,
  "n_buckets": 57,
  "methods": {
    "1_raw_uncalibrated": {
      "brier": 0.1857122999137124,
      "ece": 0.16119912389805047
    },
    "2_isotonic": {
      "brier": 0.159887302105204,
      "ece": 0.022830272596575024
    },
    "3_platt_scaling": {
      "brier": 0.1598045332336466,
      "ece": 0.02250262642619472
    },
    "4_seasonal_regime": {
      "brier": 0.1613673527096725,
      "ece": 0.029295719037325658
    }
  },
  "best_method": "3_platt_scaling",
  "best_brier": 0.1598045332336466
}