{
  "overall": {
    "ks_statistic": 0.06515920860328905,
    "p_value": 0.08695774655210753,
    "is_uniform": true,
    "mean": 0.4896487414773708,
    "std": 0.31443024643598294,
    "n": 364
  },
  "by_season": {
    "Winter": {
      "ks_statistic": 0.2420538523735264,
      "p_value": 9.567437194676859e-06,
      "is_uniform": false,
      "mean": 0.36732231622872075,
      "n": 102
    },
    "Spring": {
      "ks_statistic": 0.15915598070528247,
      "p_value": 0.016744550525980187,
      "is_uniform": false,
      "mean": 0.5668869828022158,
      "n": 92
    },
    "Summer": {
      "ks_statistic": 0.11412326026594818,
      "p_value": 0.1684201024589056,
      "is_uniform": true,
      "mean": 0.50005388761526,
      "n": 92
    },
    "Fall": {
      "ks_statistic": 0.08837613128477365,
      "p_value": 0.5464412406412675,
      "is_uniform": true,
      "mean": 0.5462398149234067,
      "n": 78
    }
  },
  "mean_crps": 4.693119419130458
}