{
  "overall": {
    "n": 364,
    "bias": -0.5880089008721457,
    "mae": 6.632091924410543,
    "rmse": 8.413814921532591
  },
  "by_season": {
    "Winter": {
      "n": 102,
      "bias": -4.1083522517839866,
      "mae": 8.06883073542175,
      "rmse": 9.941125827915773
    },
    "Spring": {
      "n": 92,
      "bias": 1.9008070445199718,
      "mae": 8.303026637300144,
      "rmse": 9.968102368721137
    },
    "Summer": {
      "n": 92,
      "bias": -0.44326360765393863,
      "mae": 5.179568285625402,
      "rmse": 6.783007584007401
    },
    "Fall": {
      "n": 78,
      "bias": 0.9092653022157767,
      "mae": 4.495666571323958,
      "rmse": 5.446585171239291
    }
  },
  "by_regime": {
    "cold": {
      "n": 121,
      "bias": -2.605462338266814,
      "mae": 8.157416922512025,
      "rmse": 10.061515145090988,
      "mu_range": [
        29.413562774658203,
        54.448388607653946
      ]
    },
    "normal": {
      "n": 121,
      "bias": 1.7253273813768921,
      "mae": 6.5610464605182965,
      "rmse": 8.096489022664471,
      "mu_range": [
        54.46638860765395,
        77.61438860765395
      ]
    },
    "hot": {
      "n": 122,
      "bias": -0.8814664765063974,
      "mae": 5.1897327142522,
      "rmse": 6.767289136718213,
      "mu_range": [
        77.77188860765393,
        91.47438860765394
      ]
    }
  }
}