{
  "city_code": "chi",
  "model_col": "u8_cv_prob",
  "selected_strategy": "S0006_ev0.02_capped_kelly_kf0.10_fee0.07_mp0.05_br1000",
  "train_metrics": {
    "total_pnl": -14.249999999999432,
    "initial_bankroll": 1000.0,
    "final_bankroll": 985.7500000000006,
    "return_pct": -1.4249999999999432,
    "n_trades": 248,
    "win_rate": 0.36693548387096775,
    "sharpe_ratio": -0.24761470902387792,
    "max_drawdown": -110.59999999999968,
    "max_drawdown_pct": -10.879401927995247,
    "avg_ev_traded": 0.08954009294423963,
    "busted": false,
    "bust_date": null,
    "model_brier": 0.10123696967375632,
    "market_brier": 0.09771989937543371,
    "brier_edge": -0.0035170702983226138
  },
  "holdout_metrics": {
    "total_pnl": -31.950000000000728,
    "initial_bankroll": 1000.0,
    "final_bankroll": 968.0499999999993,
    "return_pct": -3.1950000000000727,
    "n_trades": 149,
    "win_rate": 0.30201342281879195,
    "sharpe_ratio": -0.8855489225807032,
    "max_drawdown": -68.75000000000057,
    "max_drawdown_pct": -6.688393812627743,
    "avg_ev_traded": 0.07774410789514569,
    "busted": false,
    "bust_date": null,
    "model_brier": 0.10740863588347759,
    "market_brier": 0.10542456808943089,
    "brier_edge": -0.0019840677940466955
  },
  "promotion": {
    "status": "MONITOR",
    "checks": {
      "model_beats_market_brier": false,
      "positive_pnl": false,
      "sharpe_ok": false,
      "min_trades": true,
      "drawdown_ok": true,
      "not_busted": true
    },
    "failed_checks": [
      "model_beats_market_brier",
      "positive_pnl",
      "sharpe_ok"
    ]
  }
}