model,overall_model_brier,overall_nws_brier,overall_presettlement_brier,oos_model_brier,oos_nws_brier,best_model_all_trading_pnl,best_model_oos_trading_pnl
E17_contract_brier_synthesis,0.11396006724854563,0.14177533077188792,0.12706111379754997,0.10555022891174963,0.13929810649267152,-68.69,-7.15
E19_platt_beta_calibration,0.11464274783309689,0.14177533077188792,0.12706111379754997,0.10580755943994113,0.13929810649267152,-93.24,-5.9
