{
  "best_brier": 0.17202982297257238,
  "best_model": "Ridge (a=100.0)",
  "n_oos_days": 2192,
  "all_models": {
    "Ridge (a=100.0)": 0.17202982297257238,
    "HeteroscedasticNN": 0.17265403966313567,
    "Persistence": 0.19017495814063132,
    "Climatology": 0.20839441946847262
  }
}