model,contract_brier,test_mae,brier_DJF,brier_MAM,brier_JJA,brier_SON
E2_Ridge(a=100.0),0.17202983391473295,4.442579265398074,0.16152740684865538,,,0.20235135721840855
E5_EnsembleNN,0.17424425492192847,4.557597764773961,0.17272609642409686,,,0.17862732542373255
E4_DeepNN_256_128_64,0.17648590168974895,4.760065152384068,0.17710428794463998,,,0.17470056072804738
E3_HeteroNN_128_64,0.17766543751034544,4.671391737965773,0.17736429261014444,,,0.17853487198028065
E0_Persistence,0.1901749735784111,5.642080291970803,0.180048831805804,,,0.21941012482513148
E1_Climatology,0.20839441946847262,6.568956812652069,0.21028074325863177,,,0.20294842013881945
