{
  "E0_Persistence": {
    "test_brier": 0.016137593570896353,
    "test_mae": 5.642080291970803,
    "sigma": 7.5955651127485915,
    "seasonal": {
      "DJF": 0.016287831883094517,
      "MAM": 0.016468406098694037,
      "JJA": 0.015761695484705546,
      "SON": 0.016034036909763752
    }
  },
  "E1_Climatology": {
    "test_brier": 0.016297849519442204,
    "test_mae": 6.568956812652069,
    "seasonal": {
      "DJF": 0.016560457133896738,
      "MAM": 0.016525381984673043,
      "JJA": 0.01579294235041366,
      "SON": 0.016317588547760838
    }
  },
  "E2_Ridge(a=100.0)": {
    "test_brier": 0.015742000265420927,
    "test_mae": 4.442579265398074,
    "alpha": 100.0,
    "sigma": 5.5404364665255885,
    "seasonal": {
      "DJF": 0.015905552321963903,
      "MAM": 0.016177722022630365,
      "JJA": 0.015226245766757086,
      "SON": 0.015660558614572096
    }
  },
  "E3_HeteroNN_128_64": {
    "test_brier": 0.015920295737962668,
    "test_mae": 4.829090291009333,
    "best_epoch": 116,
    "seasonal": {
      "DJF": 0.01594984187769497,
      "MAM": 0.016133655840992994,
      "JJA": 0.015783560465257394,
      "SON": 0.015813499192038966
    }
  },
  "E4_DeepNN_256_128_64": {
    "test_brier": 0.01600906647953106,
    "test_mae": 4.938765206998282,
    "best_epoch": 75,
    "seasonal": {
      "DJF": 0.016049993520609523,
      "MAM": 0.016185472841111742,
      "JJA": 0.015952211880083254,
      "SON": 0.015847573752494647
    }
  },
  "E5_EnsembleNN": {
    "test_brier": 0.01591580128364318,
    "test_mae": 4.749520048399042,
    "seasonal": {
      "DJF": 0.015963721713310643,
      "MAM": 0.016103366732124282,
      "JJA": 0.015827059558378074,
      "SON": 0.015768322221198127
    }
  }
}