model,test_brier,test_mae,brier_DJF,brier_MAM,brier_JJA,brier_SON
E2_Ridge(a=100.0),0.015742000265420927,4.442579265398074,0.015905552321963903,0.016177722022630365,0.015226245766757086,0.015660558614572096
E5_EnsembleNN,0.01591580128364318,4.749520048399042,0.015963721713310643,0.016103366732124282,0.015827059558378074,0.015768322221198127
E3_HeteroNN_128_64,0.015920295737962668,4.829090291009333,0.01594984187769497,0.016133655840992994,0.015783560465257394,0.015813499192038966
E4_DeepNN_256_128_64,0.01600906647953106,4.938765206998282,0.016049993520609523,0.016185472841111742,0.015952211880083254,0.015847573752494647
E0_Persistence,0.016137593570896353,5.642080291970803,0.016287831883094517,0.016468406098694037,0.015761695484705546,0.016034036909763752
E1_Climatology,0.016297849519442204,6.568956812652069,0.016560457133896738,0.016525381984673043,0.01579294235041366,0.016317588547760838
