{
  "E0_Persistence": {
    "test_brier": 0.016137593570896353,
    "test_mae": 5.642080291970803,
    "sigma": 7.5955651127485915,
    "seasonal": {
      "DJF": 0.016287831883094517,
      "MAM": 0.016468406098694037,
      "JJA": 0.015761695484705546,
      "SON": 0.016034036909763752
    }
  },
  "E1_Climatology": {
    "test_brier": 0.016297849519442204,
    "test_mae": 6.568956812652069,
    "seasonal": {
      "DJF": 0.016560457133896738,
      "MAM": 0.016525381984673043,
      "JJA": 0.01579294235041366,
      "SON": 0.016317588547760838
    }
  },
  "E2_Ridge(a=100.0)": {
    "test_brier": 0.015742000265420927,
    "test_mae": 4.442579265398074,
    "alpha": 100.0,
    "sigma": 5.5404364665255885,
    "seasonal": {
      "DJF": 0.015905552321963903,
      "MAM": 0.016177722022630365,
      "JJA": 0.015226245766757086,
      "SON": 0.015660558614572096
    }
  },
  "E3_HeteroNN_128_64": {
    "test_brier": 0.01585767209140573,
    "test_mae": 4.779144324246984,
    "best_epoch": 84,
    "seasonal": {
      "DJF": 0.016011803685156718,
      "MAM": 0.016068759185436196,
      "JJA": 0.01564894903702412,
      "SON": 0.015702279648733195
    }
  },
  "E4_DeepNN_256_128_64": {
    "test_brier": 0.015980357716064954,
    "test_mae": 4.853777337039475,
    "best_epoch": 79,
    "seasonal": {
      "DJF": 0.016068871987296077,
      "MAM": 0.01615487272851622,
      "JJA": 0.015858396604129466,
      "SON": 0.015839360485127272
    }
  },
  "E5_EnsembleNN": {
    "test_brier": 0.01590690481174731,
    "test_mae": 4.679160196276477,
    "seasonal": {
      "DJF": 0.01594480030088403,
      "MAM": 0.01610708895349813,
      "JJA": 0.015707467261339435,
      "SON": 0.015868532149598213
    }
  }
}