{
  "E0_Persistence": {
    "test_brier": 0.016137593570896353,
    "test_mae": 5.642080291970803,
    "sigma": 7.5955651127485915,
    "seasonal": {
      "DJF": 0.016287831883094517,
      "MAM": 0.016468406098694037,
      "JJA": 0.015761695484705546,
      "SON": 0.016034036909763752
    }
  },
  "E1_Climatology": {
    "test_brier": 0.016297849519442204,
    "test_mae": 6.568956812652069,
    "seasonal": {
      "DJF": 0.016560457133896738,
      "MAM": 0.016525381984673043,
      "JJA": 0.01579294235041366,
      "SON": 0.016317588547760838
    }
  },
  "E2_Ridge(a=100.0)": {
    "test_brier": 0.015742000265420927,
    "test_mae": 4.442579265398074,
    "alpha": 100.0,
    "sigma": 5.5404364665255885,
    "seasonal": {
      "DJF": 0.015905552321963903,
      "MAM": 0.016177722022630365,
      "JJA": 0.015226245766757086,
      "SON": 0.015660558614572096
    }
  },
  "E3_HeteroNN_128_64": {
    "test_brier": 0.015928046110919903,
    "test_mae": 4.846944101431074,
    "best_epoch": 79,
    "seasonal": {
      "DJF": 0.015985171070801375,
      "MAM": 0.016122398441436984,
      "JJA": 0.015691866247940153,
      "SON": 0.01591362682458956
    }
  },
  "E4_DeepNN_256_128_64": {
    "test_brier": 0.015985713747263514,
    "test_mae": 4.965052951513416,
    "best_epoch": 78,
    "seasonal": {
      "DJF": 0.016083512594725888,
      "MAM": 0.016148762118167962,
      "JJA": 0.015860492515551897,
      "SON": 0.01585038855283302
    }
  },
  "E5_EnsembleNN": {
    "test_brier": 0.01590595298150464,
    "test_mae": 4.6428622127797485,
    "seasonal": {
      "DJF": 0.01595208995989911,
      "MAM": 0.016108849193518866,
      "JJA": 0.015784831791619578,
      "SON": 0.01577748035420591
    }
  }
}