model,test_brier,test_mae,brier_DJF,brier_MAM,brier_JJA,brier_SON
E2_Ridge(a=100.0),0.015742000265420927,4.442579265398074,0.015905552321963903,0.016177722022630365,0.015226245766757086,0.015660558614572096
E3_HeteroNN_128_64,0.01585767209140573,4.779144324246984,0.016011803685156718,0.016068759185436196,0.01564894903702412,0.015702279648733195
E5_EnsembleNN,0.01590690481174731,4.679160196276477,0.01594480030088403,0.01610708895349813,0.015707467261339435,0.015868532149598213
E4_DeepNN_256_128_64,0.015980357716064954,4.853777337039475,0.016068871987296077,0.01615487272851622,0.015858396604129466,0.015839360485127272
E0_Persistence,0.016137593570896353,5.642080291970803,0.016287831883094517,0.016468406098694037,0.015761695484705546,0.016034036909763752
E1_Climatology,0.016297849519442204,6.568956812652069,0.016560457133896738,0.016525381984673043,0.01579294235041366,0.016317588547760838
