{
  "E0_Persistence": {
    "test_brier": 0.1901749735784111,
    "test_mae": 5.642080291970803,
    "sigma": 7.5955651127485915,
    "seasonal": {
      "DJF": 0.180048831805804,
      "SON": 0.21941012482513148
    }
  },
  "E1_Climatology": {
    "test_brier": 0.20839441946847262,
    "test_mae": 6.568956812652069,
    "seasonal": {
      "DJF": 0.21028074325863177,
      "SON": 0.20294842013881945
    }
  },
  "E2_Ridge(a=100.0)": {
    "test_brier": 0.17202983391473295,
    "test_mae": 4.442579265398074,
    "alpha": 100.0,
    "sigma": 5.5404364665255885,
    "seasonal": {
      "DJF": 0.16152740684865538,
      "SON": 0.20235135721840855
    }
  },
  "E3_HeteroNN_128_64": {
    "test_brier": 0.17766543751034544,
    "test_mae": 4.671391737965773,
    "best_epoch": 99,
    "seasonal": {
      "DJF": 0.17736429261014444,
      "SON": 0.17853487198028065
    }
  },
  "E4_DeepNN_256_128_64": {
    "test_brier": 0.17648590168974895,
    "test_mae": 4.760065152384068,
    "best_epoch": 81,
    "seasonal": {
      "DJF": 0.17710428794463998,
      "SON": 0.17470056072804738
    }
  },
  "E5_EnsembleNN": {
    "test_brier": 0.17424425492192847,
    "test_mae": 4.557597764773961,
    "seasonal": {
      "DJF": 0.17272609642409686,
      "SON": 0.17862732542373255
    }
  }
}