model,test_brier,test_mae,brier_DJF,brier_MAM,brier_JJA,brier_SON
E2_Ridge(a=100.0),0.015742000265420927,4.442579265398074,0.015905552321963903,0.016177722022630365,0.015226245766757086,0.015660558614572096
E5_EnsembleNN,0.01590595298150464,4.6428622127797485,0.01595208995989911,0.016108849193518866,0.015784831791619578,0.01577748035420591
E3_HeteroNN_128_64,0.015928046110919903,4.846944101431074,0.015985171070801375,0.016122398441436984,0.015691866247940153,0.01591362682458956
E4_DeepNN_256_128_64,0.015985713747263514,4.965052951513416,0.016083512594725888,0.016148762118167962,0.015860492515551897,0.01585038855283302
E0_Persistence,0.016137593570896353,5.642080291970803,0.016287831883094517,0.016468406098694037,0.015761695484705546,0.016034036909763752
E1_Climatology,0.016297849519442204,6.568956812652069,0.016560457133896738,0.016525381984673043,0.01579294235041366,0.016317588547760838
