model,brier_2024,mae_f,n_days,brier_DJF,brier_MAM,brier_JJA,brier_SON
NWS MOS (GFS+NAM),0.032490734435177415,2.3807650273224046,366,0.032760303656951345,0.042483269925172956,0.018232464149270673,0.03653377621586317
Ridge (our model),0.054408635972005195,4.478752749806747,366,0.056054588881004945,0.06713590087771326,0.03807005226909799,0.05641368668215183
HeteroscedasticNN,0.057472694508349506,4.961791873994421,366,0.05891134177176594,0.06375848331670843,0.04853634171518859,0.058713738306491126
Market Proxy (Kalshi),0.057722750003421364,5.044353589117621,366,0.06286139344468157,0.06649410093456266,0.041241768567768095,0.060378458281008414
Persistence,0.061726411692360914,5.274590163934428,366,0.06372306296233755,0.06843293236360777,0.05237638313783508,0.062402317842842156
Climatology,0.06641589543430716,6.609961618527192,366,0.07229660668913512,0.07496131042299732,0.05006846742494647,0.06842293360697027
