{
  "Persistence": {
    "test_brier": 0.19017495814063132
  },
  "Climatology": {
    "test_brier": 0.20839441946847262
  },
  "Ridge (a=100.0)": {
    "test_brier": 0.17202982297257238,
    "val_mae": 4.497321999936733,
    "test_mae": 4.442579265398075,
    "alpha": 100.0
  },
  "HeteroscedasticNN": {
    "test_brier": 0.17265403966313567,
    "val_mae": 5.48619916180289,
    "test_mae": 4.915856241971037,
    "best_epoch": 84
  }
}