model,val_brier,test_brier,test_brier_DJF,test_brier_MAM,test_brier_JJA,test_brier_SON,val_mae,test_mae
Ridge (a=100.0),0.015777253273763395,0.015738155401497426,0.015907299038770237,0.016188842085459978,0.015204733086311263,0.01565389572573473,4.497321999936733,4.442579265398074
HeteroscedasticNN,0.016003522621949876,0.015890017125078214,0.01599280301180339,0.016109108071234227,0.01575703198529656,0.015700932224485376,5.1936633207459595,4.654397498256098
Persistence,0.016205785498295378,0.016132735345938364,0.016287584684807715,0.016473182510098217,0.015745595854901175,0.016026225863830488,,
Climatology,0.016378979254065635,0.0162969631088734,0.01656050087490702,0.016525385056037553,0.015787213628672865,0.016319775066832857,,
