model,test_brier,brier_DJF,brier_MAM,brier_JJA,brier_SON
Real_NWS_MOS,0.014284429815551995,0.014591247929665018,0.014881397791764017,0.013323767856215403,0.014345302321740722
MOSCorrectionNet,0.015437967870793911,0.015560420084247342,0.016186547916706574,0.014613456984672491,0.015392280902386703
RegimeConditionalNet,0.015587273776778331,0.015600177211263952,0.016073050599069987,0.015182302875573539,0.01549267644405104
FeatureAttentionNet,0.01568713845807865,0.015671221426023552,0.01610095172878822,0.015441510880067628,0.015533021603009959
Ridge(a=100.0),0.015703404644036963,0.015803264367778735,0.01650117737694423,0.01502206490510213,0.015485832442872511
HeteroscedasticNN,0.01586157478147122,0.016018335844252874,0.016401933164686803,0.015381514113087713,0.015643853391606597
Persistence,0.016073789183290617,0.016047651069615608,0.01643456669236582,0.015755627508750338,0.0160568431565567
Climatology,0.016303783980046935,0.01657422845122278,0.016540480375169458,0.015832772960804462,0.016270229018970378
CalibratedEnsemble,0.01670423114777657,0.017022931786812905,0.016698710806687028,0.016460258370710537,0.016637765309512897
