model,contract_brier,brier_DJF,brier_SON,val_mae,test_mae
Ridge (a=100.0),0.17202982297257238,0.1615273921164726,0.20235135721840888,4.497321999936733,4.442579265398075
HeteroscedasticNN,0.17265403966313567,0.1749578262991973,0.16600278469773208,5.48619916180289,4.915856241971037
Persistence,0.19017495814063132,0.18004881102086034,0.21941012482513148,,
Climatology,0.20839441946847262,0.21028074325863177,0.20294842013881945,,
