{
  "Persistence": {
    "val_brier": 0.016205785498295378,
    "test_brier": 0.016132735345938364,
    "per_bucket_brier": [
      1.2235450057395114e-07,
      1.213337320619377e-07,
      3.5458150693071223e-07,
      9.428966929910783e-07,
      2.226576413473964e-06,
      4.65746601299249e-06,
      8.691167851219459e-06,
      1.4694797594416322e-05,
      2.309375262048592e-05,
      3.49232044658306e-05,
      0.0017722531683711956,
      8.040009489965991e-05,
      0.00012403709017066528,
      0.0009573035827316342,
      0.0024069923946361373,
      0.0032187502824953577,
      0.004735276792508494,
      0.01112046683283181,
      0.012897199224592803,
      0.014837928276049824,
      0.01781649476188255,
      0.010122845404001666,
      0.02454601809271059,
      0.02746984925941443,
      0.030484932698832026,
      0.028215100814331765,
      0.045025480023165504,
      0.03890593063428251,
      0.023616406053531276,
      0.03068870836374571,
      0.0200993011741894,
      0.025035881954692227,
      0.02946481758451246,
      0.02395192406320658,
      0.03003408082190462,
      0.04073486473313341,
      0.028899513361015657,
      0.03259709657086824,
      0.03258417788120146,
      0.020783609718618694,
      0.02986857136576881,
      0.03886689857099746,
      0.03983842869242387,
      0.039020201867783544,
      0.05607632871690794,
      0.032204476043520745,
      0.02718536065136129,
      0.021079859337074805,
      0.008808811608659374,
      0.009226781509173743,
      0.0032129134066781707,
      0.0004020929567322448,
      0.00022651567537664035,
      0.000115951754356122,
      5.3633442093316483e-05,
      2.230631209116785e-05,
      3.931296756819126e-05
    ]
  },
  "Climatology": {
    "val_brier": 0.016378979254065635,
    "test_brier": 0.0162969631088734,
    "per_bucket_brier": [
      2.0695647155507367e-08,
      1.523936203547135e-08,
      2.4961846132138985e-08,
      5.015288081563189e-08,
      1.1277041986791065e-07,
      2.6161992037958925e-07,
      6.02767385196204e-07,
      1.3577598210550514e-06,
      2.9706526390945425e-06,
      6.29446555477452e-06,
      0.0018030915091325525,
      2.5423086724327996e-05,
      4.8192234697484824e-05,
      0.0009464081340306041,
      0.002277700779506586,
      0.003238784080438486,
      0.004991113728407575,
      0.0112311150246871,
      0.013470559134887821,
      0.01512104792359453,
      0.01821119409138948,
      0.01017842567612497,
      0.024510893620741034,
      0.027993258207200212,
      0.03101037914621791,
      0.028293304873164074,
      0.04535085805727485,
      0.03963113253920614,
      0.02371484720911329,
      0.03133376273995146,
      0.02006720247304566,
      0.025512631808230095,
      0.02991299823223764,
      0.024180558326003087,
      0.030673116505470974,
      0.04038465385022591,
      0.029555313200235984,
      0.03227176407549008,
      0.03341495904815203,
      0.021111626132554105,
      0.03010006638606204,
      0.03926885478171364,
      0.040944192696649936,
      0.039870640267076374,
      0.05502275830989587,
      0.032396918673262456,
      0.027732807773536837,
      0.021593971135540027,
      0.00877137336051673,
      0.009585589762363608,
      0.0031292005872939543,
      2.395317374197263e-05,
      6.439077731989075e-06,
      1.591441540699857e-06,
      3.707571399803125e-07,
      8.628625626670494e-08,
      5.6201848981494644e-08
    ]
  },
  "Ridge (a=100.0)": {
    "val_brier": 0.015777253273763395,
    "test_brier": 0.015738155401497426,
    "per_bucket_brier": [
      9.931407948899552e-09,
      9.931407948899552e-09,
      9.934782545274853e-09,
      1.0082172475977908e-08,
      1.1637744275662231e-08,
      2.3881292041128384e-08,
      9.821159397025579e-08,
      4.4832339876921574e-07,
      1.7337385580021694e-06,
      5.449671509681378e-06,
      0.0016956844908753114,
      3.097258712855222e-05,
      6.080517700400243e-05,
      0.0008825046017660223,
      0.002225513236549615,
      0.0028998194927809698,
      0.004490473525047627,
      0.010563169970394947,
      0.012362528602838591,
      0.014015237343887196,
      0.017379480561079894,
      0.010229641314521821,
      0.02371495183149845,
      0.027058013749575723,
      0.029167456750104414,
      0.027617022452296476,
      0.04415518822196396,
      0.038355004745774905,
      0.02337960299072083,
      0.030044327932871748,
      0.01990732163572675,
      0.02483331109186362,
      0.029113381905832496,
      0.02339716223229426,
      0.029543516847380952,
      0.03998549091809609,
      0.02834423890544965,
      0.03161624781205031,
      0.03222778873331143,
      0.020851545592926485,
      0.02950470340260704,
      0.03747956548311163,
      0.0395066306772277,
      0.03832598748713805,
      0.05346004819362383,
      0.03151192237611741,
      0.026257899740655517,
      0.02039349088681014,
      0.008574754174871722,
      0.008819619032481059,
      0.0028690972488773104,
      0.00014668582900896211,
      5.037158700523472e-05,
      1.4485404231299849e-05,
      3.4538456070399853e-06,
      6.805246657810843e-07,
      2.5139383275909976e-07
    ],
    "val_mae": 4.497321999936733,
    "test_mae": 4.442579265398074,
    "alpha": 100.0
  },
  "HeteroscedasticNN": {
    "val_brier": 0.016003522621949876,
    "test_brier": 0.015890017125078214,
    "per_bucket_brier": [
      2.0430468487213593e-07,
      1.1790628600698443e-08,
      1.2184663386116215e-08,
      1.2707920523174747e-08,
      1.3458765101190326e-08,
      1.477652900790204e-08,
      1.817646199394511e-08,
      3.332313156308699e-08,
      1.3099954091521044e-07,
      7.667478701866609e-07,
      0.0017831902327741318,
      1.7132831694576898e-05,
      5.4335188634375e-05,
      0.0008449940996602478,
      0.0020698498767697587,
      0.003092449969567346,
      0.004561689614292718,
      0.010012011920443962,
      0.013100114462341442,
      0.014032726163676403,
      0.017292613791487964,
      0.010141612889658766,
      0.023776124371951965,
      0.02700516904318672,
      0.029649417618729967,
      0.027519848312820717,
      0.04381528289766493,
      0.03868073253021851,
      0.022958862108068516,
      0.030246565170443152,
      0.019552237901652104,
      0.024898933247612914,
      0.02896567746524536,
      0.023610946185473262,
      0.029467450026575873,
      0.03999886128488486,
      0.02856588617023274,
      0.03172886414051473,
      0.032363660572149386,
      0.020506211134130585,
      0.029696273143159556,
      0.038110738241037015,
      0.03965151024624928,
      0.038682496567411,
      0.05595487456980586,
      0.03251571748229866,
      0.027122656926770464,
      0.021171933836830966,
      0.008870476261374109,
      0.009246954986943695,
      0.0031878948341925056,
      0.00030508957528719053,
      0.00017698056376078678,
      9.821537981822866e-05,
      5.2934424549108344e-05,
      2.8297879852632572e-05,
      0.000543261517363105
    ],
    "val_mae": 5.1936633207459595,
    "test_mae": 4.654397498256098,
    "best_epoch": 74
  }
}