{
  "Persistence": {
    "test_brier": 0.19017495814063132
  },
  "Climatology": {
    "test_brier": 0.20839441946847262
  },
  "Ridge (a=100.0)": {
    "test_brier": 0.17202982297257222,
    "val_mae": 4.497321999936733,
    "test_mae": 4.442579265398074,
    "alpha": 100.0
  },
  "HeteroscedasticNN": {
    "test_brier": 0.17766917956013462,
    "val_mae": 4.993397640470281,
    "test_mae": 4.605525326032708,
    "best_epoch": 92
  }
}