{
  "Persistence": {
    "test_brier": 0.19017495814063132
  },
  "Climatology": {
    "test_brier": 0.20839441946847262
  },
  "Ridge (a=100.0)": {
    "test_brier": 0.17202982297257222,
    "val_mae": 4.497321999936733,
    "test_mae": 4.442579265398074,
    "alpha": 100.0
  },
  "HeteroscedasticNN": {
    "test_brier": 0.18090159192395436,
    "val_mae": 5.110030977326623,
    "test_mae": 4.6421436137874625,
    "best_epoch": 85
  }
}