source,daily_bucket_brier
ridge,0.05398389921361603
mos_residual_ridge,0.09514282748511753
mos_residual_nn,0.0854199814348675
nws_mos,0.08594994447203654
u7_style_regime_stacker,0.055665300534928394
