model,contract_brier,brier_DJF,brier_SON,val_mae,test_mae
Ridge (a=100.0),0.17202982297257222,0.1615273921164725,0.20235135721840855,4.497321999936733,4.442579265398074
HeteroscedasticNN,0.18090159192395436,0.18067395849161136,0.18155879167217034,5.110030977326623,4.6421436137874625
Persistence,0.19017495814063132,0.18004881102086034,0.21941012482513148,,
Climatology,0.20839441946847262,0.21028074325863177,0.20294842013881945,,
