model,val_brier,test_brier,test_brier_DJF,test_brier_MAM,test_brier_JJA,test_brier_SON,val_mae,test_mae
Ridge (a=100.0),0.05544362477100932,0.05477028768869107,0.057852118893141985,0.0635089029513892,0.04439473499986059,0.05336595975171792,4.497321999936733,4.442579265398074
HeteroscedasticNN,0.06089583246271953,0.058667370304222435,0.05948237710072078,0.06194747455684663,0.055678816913226764,0.05756357953623517,5.509042270543748,4.968037488095082
Persistence,0.06484845571453084,0.06345033276927761,0.06761992479074203,0.07158759481914662,0.053725960947833176,0.06091583774780497,,
Climatology,0.06867363007069152,0.06703372959853086,0.07368333824555878,0.07225438251489882,0.05527699114246997,0.0670407466886799,,
