{
  "Persistence": {
    "val_brier": 0.06484845571453084,
    "test_brier": 0.06345033276927761,
    "per_bucket_brier": [
      0.0021305558144906808,
      0.008474021108455786,
      0.045589506147324675,
      0.08588716937069855,
      0.11593021039218467,
      0.10906701481919565,
      0.10586149687084906,
      0.11082998835185612,
      0.04670291278353635,
      0.004030452034184589
    ]
  },
  "Climatology": {
    "val_brier": 0.06867363007069152,
    "test_brier": 0.06703372959853086,
    "per_bucket_brier": [
      0.0018404490440079857,
      0.0072632159131577135,
      0.05200657083945876,
      0.0895030696838911,
      0.12117610770646625,
      0.11200954649158391,
      0.11506789380599303,
      0.11637874240032642,
      0.054998421070943375,
      9.327902948007207e-05
    ]
  },
  "Ridge (a=100.0)": {
    "val_brier": 0.05544362477100932,
    "test_brier": 0.05477028768869107,
    "per_bucket_brier": [
      0.0015635540852121574,
      0.005679977986117487,
      0.035277519602797756,
      0.07390198430160463,
      0.10094636228286266,
      0.09849660709361019,
      0.09679400608233397,
      0.09432098052448552,
      0.04005013896751648,
      0.0006717459603697946
    ],
    "val_mae": 4.497321999936733,
    "test_mae": 4.442579265398074,
    "alpha": 100.0
  },
  "HeteroscedasticNN": {
    "val_brier": 0.06089583246271953,
    "test_brier": 0.058667370304222435,
    "per_bucket_brier": [
      0.0017930690639829778,
      0.0063996041682685256,
      0.03836919040016176,
      0.07684999509016524,
      0.10091510573943627,
      0.1027501329566468,
      0.10578230584383104,
      0.10758302001845776,
      0.044676445276783265,
      0.0015548344844906977
    ],
    "val_mae": 5.509042270543748,
    "test_mae": 4.968037488095082,
    "best_epoch": 96
  }
}