model,contract_brier,brier_DJF,brier_SON,val_mae,test_mae
Ridge (a=100.0),0.17202982297257222,0.1615273921164725,0.20235135721840855,4.497321999936733,4.442579265398074
HeteroscedasticNN,0.17766917956013462,0.1776073831532751,0.1778475917670355,4.993397640470281,4.605525326032708
Persistence,0.19017495814063132,0.18004881102086034,0.21941012482513148,,
Climatology,0.20839441946847262,0.21028074325863177,0.20294842013881945,,
