{
  "Real_NWS_MOS": {
    "test_brier": 0.014284429815551995,
    "per_bucket_brier": [
      9.914227487780785e-09,
      9.914227487780785e-09,
      9.914227487780785e-09,
      9.914227487780785e-09,
      9.914227487780785e-09,
      9.914227487780785e-09,
      9.914227487780785e-09,
      1.0638114374596212e-08,
      2.8081405509202914e-08,
      2.823353817610071e-07,
      2.6254054772851847e-06,
      1.6396360080939983e-05,
      6.840033865843345e-05,
      0.003984179008595681,
      0.0021188667934784614,
      0.0024296399737616793,
      0.006450194259093985,
      0.00468427123717839,
      0.005202187103606403,
      0.011028831003250078,
      0.014907624246891637,
      0.012435813908709322,
      0.023307541859414596,
      0.026189267943010328,
      0.02352738881288382,
      0.027571041835829452,
      0.03497984497377798,
      0.028491301420083784,
      0.02144963902791652,
      0.02911374056964623,
      0.024728095594824508,
      0.02112490881504172,
      0.02563662111696944,
      0.017573908804468213,
      0.03062797059684441,
      0.026204977870331148,
      0.01727594863423928,
      0.03440124359147913,
      0.024470839190711177,
      0.023640411294679274,
      0.03329219002041433,
      0.03801180162023412,
      0.03330407822823408,
      0.046066800958263744,
      0.0607390700337629,
      0.027518535982943543,
      0.014032539548859786,
      0.009704263551362129,
      0.012792259083058193,
      0.008728491406719099,
      0.006248060972504239,
      0.00011843609341363507,
      1.1477113466987268e-05,
      3.5024721417953293e-07,
      1.2752130182704586e-08,
      9.914227487780785e-09,
      9.914227487780785e-09
    ]
  },
  "Persistence": {
    "test_brier": 0.016073789183290617,
    "per_bucket_brier": [
      1.1581261698720618e-08,
      1.3520325810272502e-08,
      2.795111614879247e-08,
      8.78382117559122e-08,
      3.0379499913205336e-07,
      9.82831952862619e-07,
      2.845883450616727e-06,
      7.309997502040577e-06,
      1.6666043332914665e-05,
      3.386227286323016e-05,
      6.170508115365379e-05,
      0.00010174184300760246,
      0.00015365040551009758,
      0.004817798276521465,
      0.0026946794646116714,
      0.0030601425565972376,
      0.007108575306787095,
      0.005428585855088682,
      0.005286342783379832,
      0.012627381043271645,
      0.017214034167191597,
      0.0125822193214113,
      0.028200234532776522,
      0.029226083212045305,
      0.024854083789333778,
      0.02934127748666036,
      0.04157270685308702,
      0.032974936033328954,
      0.02290171627498763,
      0.03314529920052377,
      0.026176669952708197,
      0.0202948303227074,
      0.02830474843802942,
      0.01859173593017096,
      0.034818731680845136,
      0.030721479330553178,
      0.020959374941816853,
      0.03800813346002943,
      0.027691653759458635,
      0.025946415882172114,
      0.034957731247473374,
      0.040000655067694894,
      0.03715723781044625,
      0.04875127506075127,
      0.07484197781145276,
      0.03156142664624337,
      0.01584689977596887,
      0.012922347179047907,
      0.01462970966431451,
      0.012230724824820181,
      0.007327323144490301,
      0.0004513557044920868,
      0.0002724185059508456,
      0.0001501757735572212,
      7.48299996291643e-05,
      3.3433012714971853e-05,
      6.738331773453855e-05
    ]
  },
  "Climatology": {
    "test_brier": 0.016303783980046935,
    "per_bucket_brier": [
      2.1381787928217436e-08,
      1.5816375036528456e-08,
      2.7042059405032534e-08,
      5.6284144046207417e-08,
      1.2919353619076156e-07,
      3.028842133378847e-07,
      6.992818514774451e-07,
      1.5653216304766807e-06,
      3.377658345744762e-06,
      7.013144251613856e-06,
      1.4005868907358705e-05,
      2.6903614089809717e-05,
      4.969647778733614e-05,
      0.005292873515694708,
      0.0028331117333011795,
      0.0027503694099858932,
      0.007914865713725969,
      0.0052641501275069846,
      0.00568912910978334,
      0.013059998515906963,
      0.01800089441501888,
      0.013432032038364093,
      0.027588601113900324,
      0.03026125172041722,
      0.025389037643789407,
      0.03031553675908,
      0.042494518848905496,
      0.03318880308763596,
      0.023707629934040294,
      0.03366930571574734,
      0.026222907372874103,
      0.02080382216624714,
      0.028528607926011366,
      0.019198212026895128,
      0.03614675572114573,
      0.02970567337001252,
      0.02061023438324133,
      0.037038020052713595,
      0.02954727522010311,
      0.02559104887318446,
      0.036450968395255086,
      0.039980023837046595,
      0.0366814964837476,
      0.050674796518581346,
      0.07384953125120731,
      0.03260851849091503,
      0.015987308812767293,
      0.013009145153275727,
      0.014899962738143377,
      0.012796909049468553,
      0.008001674290923832,
      1.9803777868304007e-05,
      5.3082672516994234e-06,
      1.3153165155155913e-06,
      3.0916434341799755e-07,
      7.473525756018752e-08,
      6.00958948321431e-08
    ]
  },
  "Ridge(a=100.0)": {
    "test_brier": 0.015703404644036963,
    "per_bucket_brier": [
      9.930258735643446e-09,
      9.930258735643446e-09,
      9.930258735643446e-09,
      9.930258735643446e-09,
      9.930258735643446e-09,
      1.0079909445834699e-08,
      1.237656889338193e-08,
      3.423978676183236e-08,
      1.915889117714479e-07,
      1.0560524490856017e-06,
      4.684358960611271e-06,
      1.6342063091203666e-05,
      4.513371746179241e-05,
      0.004917028620016246,
      0.0027131264760595804,
      0.002446652357829697,
      0.00721468532187817,
      0.004722479329714084,
      0.005132127345460821,
      0.012145489093016094,
      0.017677366024205145,
      0.012295254317436274,
      0.02705957811297755,
      0.028843619023270584,
      0.024580038184505104,
      0.029035843245072638,
      0.04253882778782566,
      0.031506091625321316,
      0.023663643748896825,
      0.032802131641122216,
      0.026023315916115886,
      0.020124957632295774,
      0.027339584109309735,
      0.017884991228161545,
      0.034053298563290535,
      0.03186793682218779,
      0.01991630520086754,
      0.0353105507710361,
      0.02699851366441711,
      0.02595822079324433,
      0.035030580938295725,
      0.03888225156118411,
      0.03556313544801803,
      0.04682458779069949,
      0.07040802887589792,
      0.03137908872908375,
      0.015506998090753107,
      0.012844652811149467,
      0.014589365225742043,
      0.011960382501341217,
      0.006969411719466007,
      0.00020268751359553847,
      6.957226192113192e-05,
      1.9099447453247134e-05,
      4.142813105517124e-06,
      7.089095041851223e-07,
      1.989889287954665e-07
    ]
  },
  "HeteroscedasticNN": {
    "test_brier": 0.01586157478147122,