{
  "DJF": 0.1615273921164726,
  "SON": 0.20235135721840888
}