{
  "DJF": 0.1615273921164725,
  "SON": 0.20235135721840855
}