{
  "DJF": 0.10633372581788682,
  "JJA": 0.09102271584273386,
  "SON": 0.10811226390937825
}