{
  "E0_persistence": {
    "test_brier": 0.016137593570896353
  },
  "E1_climatology": {
    "test_brier": 0.016297849519442204
  },
  "E2_ridge": {
    "test_brier": 0.015742000265420927,
    "alpha": 100.0
  },
  "E3_nn_128_64": {
    "test_brier": 0.015862480728584417
  },
  "E4_deep_nn": {
    "test_brier": 0.01603507077394532
  },
  "E5_ensemble": {
    "test_brier": 0.01592701633716756
  },
  "U0_raw_gaussian": {
    "contract_brier": 0.1958271336118425,
    "is_brier": 0.1878675501217828,
    "oos_brier": 0.20776277895776146
  },
  "U1_isotonic": {
    "contract_brier": 0.1340314163745664,
    "is_brier": 0.1312244892834183,
    "oos_brier": 0.13824049167525707
  },
  "U2_contract_ridge": {
    "contract_brier": 0.10615192161808316,
    "is_brier": 0.10154063795421006,
    "oos_brier": 0.11306668624994533
  },
  "U3_contract_mlp": {
    "contract_brier": 0.11269222457328185,
    "is_brier": 0.11133758987191733,
    "oos_brier": 0.11472354183868315
  },
  "U4_platt_on_u3": {
    "contract_brier": 0.11371740146386598,
    "is_brier": 0.1120368238995808,
    "oos_brier": 0.11623748028566197
  },
  "U5_regime_conditional": {
    "contract_brier": 0.1107316049072749,
    "is_brier": 0.11246904994857904,
    "oos_brier": 0.10812625151825278
  },
  "U6_calibrated_ensemble": {
    "contract_brier": 0.11490076280798026,
    "is_brier": 0.11366867408631018,
    "oos_brier": 0.11674831852932245
  },
  "U7_extended_mlp": {
    "contract_brier": 0.11120027150333439,
    "is_brier": 0.11154653343970285,
    "oos_brier": 0.11068104085835823
  },
  "U8_cv_ensemble": {
    "contract_brier": 0.11012257267220747,
    "is_brier": 0.11045795200063852,
    "oos_brier": 0.10961966083950861
  },
  "U9_kitchen_sink": {
    "contract_brier": 0.10601204888355323,
    "is_brier": 0.10564787052076684,
    "oos_brier": 0.10655814577245508
  },
  "Kalshi_PreSettlement": {
    "contract_brier": 0.10992065054368202
  }
}