{
  "overall": {
    "ks_statistic": 0.08411227255474107,
    "p_value": 3.501171089551291e-28,
    "is_uniform": false,
    "mean": 0.4968753016886633,
    "std": 0.2476498580193177,
    "n": 4506
  },
  "by_season": {
    "Winter": {
      "ks_statistic": 0.0345714153000104,
      "p_value": 0.12206985000490889,
      "is_uniform": true,
      "mean": 0.5077190982899026,
      "n": 1160
    },
    "Spring": {
      "ks_statistic": 0.08122478869546626,
      "p_value": 8.769589406041948e-07,
      "is_uniform": false,
      "mean": 0.5080439338138053,
      "n": 1104
    },
    "Summer": {
      "ks_statistic": 0.1843265373045413,
      "p_value": 2.6461953379842634e-33,
      "is_uniform": false,
      "mean": 0.47573350964099914,
      "n": 1104
    },
    "Fall": {
      "ks_statistic": 0.09893329170600718,
      "p_value": 3.786664777042604e-10,
      "is_uniform": false,
      "mean": 0.49549706310960107,
      "n": 1138
    }
  },
  "mean_crps": 2.676459474122749
}