{
  "overall": {
    "n": 4506,
    "bias": -0.13840041531809552,
    "mae": 3.583424072671984,
    "rmse": 4.937036283029022
  },
  "by_season": {
    "Winter": {
      "n": 1160,
      "bias": 0.13270741495592825,
      "mae": 4.786829074333453,
      "rmse": 6.596183071504151
    },
    "Spring": {
      "n": 1104,
      "bias": -0.02510647137959801,
      "mae": 3.7503105900253075,
      "rmse": 4.937646020952768
    },
    "Summer": {
      "n": 1104,
      "bias": -0.4895340059805592,
      "mae": 2.4923732304227517,
      "rmse": 3.278734733100164
    },
    "Fall": {
      "n": 1138,
      "bias": -0.18401562896889406,
      "mae": 3.2533077394187133,
      "rmse": 4.252108966828213
    }
  },
  "by_regime": {
    "cold": {
      "n": 1502,
      "bias": 0.5035766979476581,
      "mae": 4.697211041406056,
      "rmse": 6.118653575880029,
      "mu_range": [
        22.756755828857425,
        67.67139434814453
      ]
    },
    "normal": {
      "n": 1502,
      "bias": -0.2547556204357733,
      "mae": 3.475232316790503,
      "rmse": 4.540180446850794,
      "mu_range": [
        67.7272720336914,
        83.38256072998047
      ]
    },
    "hot": {
      "n": 1502,
      "bias": -0.6640223234661712,
      "mae": 2.5778288598193946,
      "rmse": 3.8822444163446628,
      "mu_range": [
        83.38578033447266,
        122.01091766357422
      ]
    }
  }
}