slice,source,mae,bias,rmse,n_days
Overall,NWS (bias-corrected),2.234670343749676,0.5461694391306763,2.939168999600143,1095
Overall,NWS (raw MOS),2.331470319634703,1.0856255707762559,3.100263650594308,1095
Overall,NN Model,4.475784566210045,-0.08018054794520532,5.814362428331319,1095
IS,NWS (bias-corrected),2.225093615235986,0.7009809030459839,2.9213249406406,730
IS,NWS (raw MOS),2.35613698630137,1.2409041095890412,3.1328125575188737,730
IS,NN Model,4.448855479452055,-0.17887246575342453,5.732256234681166,730
OOS,NWS (bias-corrected),2.2538238007770577,0.236546511300061,2.974535998607835,365
OOS,NWS (raw MOS),2.28213698630137,0.7750684931506848,3.0341184994151353,365
OOS,NN Model,4.529642739726027,0.11720328767123304,5.9751910650531,365
