model,overall_model_brier,overall_nws_brier,overall_presettlement_brier,oos_model_brier,oos_nws_brier,best_model_all_trading_pnl,best_model_oos_trading_pnl
E1_global_isotonic,0.1334121005263738,0.14177533077188792,0.12706111379754997,0.13060616646105314,0.13929810649267152,-121.42,-16.8
E0_baseline_ensemble,0.13351654844153577,0.14177533077188792,0.12706111379754997,0.13018979125897334,0.13929810649267152,-121.53,-19.52
E2_seasonal_calibration,0.13425608907801104,0.14177533077188792,0.12706111379754997,0.13156522819297098,0.13929810649267152,-126.52,-16.64
