{
  "1": 2.7902927458309827,
  "2": 2.306781796248714,
  "3": 3.1807225576574103,
  "4": 3.515868616885226,
  "5": 3.0165586683884182,
  "6": 1.8258253758737835,
  "7": 2.627671093413619,
  "8": 2.1202071407697605,
  "9": 1.9572644143080136,
  "10": 2.0569840301958138,
  "11": 2.295720206288918,
  "12": 2.859626170051775
}