{
  "best_experiment": "E8_feature_pruning_sweep",
  "baseline_crps": 3.0376720428466797,
  "best_crps": 2.5786824226379395,
  "improvement_pct": 15.109913569820705,
  "baseline_cov90": 1.0,
  "baseline_cov95": 1.0,
  "weighted_cov90": 1.0,
  "weighted_cov95": 1.0
}