experiment,crps,nll,mae,bucket_brier,bucket_log,sigma_ale_mean,sigma_epi_mean
E8_feature_pruning_sweep,2.5786824226379395,3.1863536834716797,2.203869104385376,0.05952287291574817,0.9941504783697726,,
E3_weighted_ensemble_E4_uncertainty,2.938679107289772,3.3680909951954647,2.291747529889594,0.0667046401185634,1.1361690606019745,11.181739912938676,0.6733197133174024
E7_regularization_sweep,2.958688497543335,3.358185052871704,2.465212821960449,0.0663289727692986,1.1332756028750353,,
E0_baseline_ensemble,3.0376720428466797,3.4086313247680664,2.315317392349243,0.0683180964631683,1.1706366773631138,,
E2_seasonal_calibration,3.0376720428466797,3.4086313247680664,2.315317392349243,0.03470950682661048,0.5895130922873132,,
E1_global_isotonic,3.0376720428466797,3.4086313247680664,2.315317392349243,0.03311952026347804,0.5417491401593058,,
E6_quantile,3.604543447494507,3.3413162231445312,4.9704909324646,0.06760594535937874,1.151525833732945,,
E5_mdn2,8.445590019226074,4.184896945953369,11.831335067749023,0.09615057902870183,1.9373030046157593,,
