{
  "KLGA": {
    "GFS": {
      "global_offset": -0.35686035898996044,
      "seasonal_offsets": {
        "DJF": -0.15517241379310345,
        "MAM": 0.6189613526570048,
        "JJA": -0.982487922705314,
        "SON": -0.9108669108669109
      },
      "monthly_offsets": {
        "1": -0.0985663082437276,
        "2": -0.03346456692913386,
        "3": 0.13799283154121864,
        "4": 1.1444444444444444,
        "5": 0.5913978494623656,
        "6": -0.4777777777777778,
        "7": -1.1756272401433692,
        "8": -1.2777777777777777,
        "9": -0.9388888888888889,
        "10": -1.043010752688172,
        "11": -0.7462962962962963,
        "12": -0.3225806451612903
      },
      "global_var_ratio": 0.9902381706504669,
      "seasonal_var_ratios": {
        "DJF": 1.0252233336114616,
        "MAM": 1.0334081683301395,
        "JJA": 0.9838627197479431,
        "SON": 1.0096182255625474
      },
      "airport_global_mean": 63.50943109218132,
      "knyc_global_mean": 63.15257073319136,
      "seasonal_means": {
        "DJF": {
          "airport_mean": 42.904556650246306,
          "knyc_mean": 42.7493842364532
        },
        "MAM": {
          "airport_mean": 60.47041062801932,
          "knyc_mean": 61.089371980676326
        },
        "JJA": {
          "airport_mean": 84.14432367149759,
          "knyc_mean": 83.16183574879227
        },
        "SON": {
          "airport_mean": 66.14896214896216,
          "knyc_mean": 65.23809523809524
        }
      },
      "n_train_days": 6574,
      "train_years": [
        2006,
        2007,
        2008,
        2009,
        2010,
        2011,
        2012,
        2013,
        2014,
        2015,
        2016,
        2017,
        2018,
        2019,
        2020,
        2021,
        2022,
        2023
      ]
    },
    "NAM": {
      "global_offset": -0.5518867924528302,
      "seasonal_offsets": {
        "DJF": -0.4956896551724138,
        "MAM": 0.5615942028985508,
        "JJA": -1.4565217391304348,
        "SON": -0.8190709046454768
      },
      "monthly_offsets": {
        "1": -0.7275985663082437,
        "2": 0.09055118110236221,
        "3": 0.8709677419354839,
        "4": 0.912962962962963,
        "5": -0.08781362007168458,
        "6": -0.9574074074074074,
        "7": -1.7060931899641576,
        "8": -1.689964157706093,
        "9": -1.112962962962963,
        "10": -0.4982014388489209,
        "11": -0.8555555555555555,
        "12": -0.7974910394265233
      },
      "global_var_ratio": 0.9826950935780222,
      "seasonal_var_ratios": {
        "DJF": 1.0390469429547335,
        "MAM": 0.9951158794000659,
        "JJA": 0.9755345321323415,
        "SON": 0.9983857713786444
      },
      "airport_global_mean": 63.09342665855143,
      "knyc_global_mean": 62.5415398660986,
      "seasonal_means": {
        "DJF": {
          "airport_mean": 42.357142857142854,
          "knyc_mean": 41.86145320197044
        },
        "MAM": {
          "airport_mean": 59.76992753623188,
          "knyc_mean": 60.33152173913044
        },
        "JJA": {
          "airport_mean": 83.89070048309179,
          "knyc_mean": 82.43417874396135
        },
        "SON": {
          "airport_mean": 65.99022004889976,
          "knyc_mean": 65.17114914425427
        }
      },
      "n_train_days": 6572,
      "train_years": [
        2006,
        2007,
        2008,
        2009,
        2010,
        2011,
        2012,
        2013,
        2014,
        2015,
        2016,
        2017,
        2018,
        2019,
        2020,
        2021,
        2022,
        2023
      ]
    }
  },
  "KJFK": {
    "GFS": {
      "global_offset": 0.6452692424703377,
      "seasonal_offsets": {
        "DJF": -0.008620689655172414,
        "MAM": 2.1364734299516908,
        "JJA": 1.1334541062801933,
        "SON": -0.7075702075702076
      },
      "monthly_offsets": {
        "1": 0.021505376344086023,
        "2": 0.3641732283464567,
        "3": 1.2437275985663083,
        "4": 2.3851851851851853,
        "5": 2.7885304659498207,
        "6": 1.9537037037037037,
        "7": 1.2867383512544803,
        "8": 0.1863799283154122,
        "9": -0.4111111111111111,
        "10": -0.7759856630824373,
        "11": -0.9333333333333333,
        "12": -0.3781362007168459
      },
      "global_var_ratio": 1.0442350590801035,
      "seasonal_var_ratios": {
        "DJF": 1.0954341492882007,
        "MAM": 1.130146479063549,
        "JJA": 1.0891671802311222,
        "SON": 1.0696877179964461
      },
      "airport_global_mean": 62.50730149072102,
      "knyc_global_mean": 63.15257073319136,
      "seasonal_means": {
        "DJF": {
          "airport_mean": 42.75800492610838,
          "knyc_mean": 42.7493842364532
        },
        "MAM": {
          "airport_mean": 58.95289855072464,
          "knyc_mean": 61.089371980676326
        },
        "JJA": {
          "airport_mean": 82.02838164251207,
          "knyc_mean": 83.16183574879227
        },
        "SON": {
          "airport_mean": 65.94566544566544,
          "knyc_mean": 65.23809523809524
        }
      },
      "n_train_days": 6574,
      "train_years": [
        2006,
        2007,
        2008,
        2009,
        2010,
        2011,
        2012,
        2013,
        2014,
        2015,
        2016,
        2017,
        2018,
        2019,
        2020,
        2021,
        2022,
        2023
      ]
    },
    "NAM": {
      "global_offset": 0.617620206938527,
      "seasonal_offsets": {
        "DJF": 0.04125615763546798,
        "MAM": 2.0072463768115942,
        "JJA": 0.748792270531401,
        "SON": -0.34963325183374083
      },
      "monthly_offsets": {
        "1": -0.12724014336917563,
        "2": 0.6437007874015748,
        "3": 1.6433691756272402,
        "4": 2.1666666666666665,
        "5": 2.216845878136201,
        "6": 1.4962962962962962,
        "7": 0.7831541218637993,
        "8": -0.008960573476702509,
        "9": -0.21481481481481482,
        "10": -0.25539568345323743,
        "11": -0.5814814814814815,
        "12": -0.3387096774193548
      },
      "global_var_ratio": 1.0332349019267832,
      "seasonal_var_ratios": {
        "DJF": 1.1256568255246906,
        "MAM": 1.0956684671902637,
        "JJA": 1.0714353837551858,
        "SON": 1.0600076574337882
      },
      "airport_global_mean": 61.92391965916007,
      "knyc_global_mean": 62.5415398660986,
      "seasonal_means": {
        "DJF": {
          "airport_mean": 41.820197044334975,
          "knyc_mean": 41.86145320197044
        },
        "MAM": {
          "airport_mean": 58.32427536231884,
          "knyc_mean": 60.33152173913044
        },
        "JJA": {
          "airport_mean": 81.68538647342996,
          "knyc_mean": 82.43417874396135
        },
        "SON": {
          "airport_mean": 65.52078239608802,
          "knyc_mean": 65.17114914425427
        }
      },
      "n_train_days": 6572,
      "train_years": [
        2006,
        2007,
        2008,
        2009,
        2010,
        2011,
        2012,
        2013,
        2014,
        2015,
        2016,
        2017,
        2018,
        2019,
        2020,
        2021,
        2022,
        2023
      ]
    }
  },
  "KEWR": {
    "GFS": {
      "global_offset": -1.345756008518406,
      "seasonal_offsets": {
        "DJF": -0.6804187192118226,
        "MAM": -0.8780193236714976,
        "JJA": -2.1841787439613527,
        "SON": -1.6306471306471306
      },
      "monthly_offsets": {
        "1": -0.6505376344086021,
        "2": -0.8366141732283464,
        "3": -1.2813620071684588,
        "4": -0.5481481481481482,
        "5": -0.7939068100358423,
        "6": -1.9,
        "7": -2.336917562724014,
        "8": -2.306451612903226,
        "9": -1.8388888888888888,
        "10": -1.8082437275985663,
        "11": -1.238888888888889,
        "12": -0.568100358422939
      },
      "global_var_ratio": 0.9717915748112056,