{
  "strategy_name": "S0008_ev0.01_fractional_kelly_kf0.05_fee0.07_mp0.05_br10000",
  "total_pnl": -2493.6499999999996,
  "roi": -0.24936499999999998,
  "sharpe_ratio": -1.3892292042450403,
  "max_drawdown": 2493.6499999999996,
  "win_rate": 0.06175651733738294,
  "n_trades": 3951,
  "selection_reason": "fallback_best_sharpe",
  "ev_threshold": 0.01,
  "sizing_method": "fractional_kelly",
  "kelly_fraction": 0.05,
  "fee_rate": 0.07,
  "max_position_frac": 0.05,
  "bankroll": 10000
}