{
  "model_brier": 0.06832685856036999,
  "market_brier": 0.07233057739474083,
  "brier_delta": -0.00400371883437084,
  "n_samples": 5117
}