{
  "overall": {
    "model_brier": 0.024310119743757713,
    "market_brier": 0.03310339625048532,
    "brier_delta": -0.008793276506727607,
    "n_samples": 7310
  },
  "by_month": {
    "1": {
      "model_brier": 0.02082048676244002,
      "market_brier": 0.0296173493509208,
      "n": 620,
      "brier_delta": -0.00879686258848078
    },
    "2": {
      "model_brier": 0.032579011158175054,
      "market_brier": 0.028005914725233633,
      "n": 570,
      "brier_delta": 0.004573096432941421
    },
    "3": {
      "model_brier": 0.02409330820230537,
      "market_brier": 0.0348623274030546,
      "n": 620,
      "brier_delta": -0.010769019200749231
    },
    "4": {
      "model_brier": 0.022166407679340014,
      "market_brier": 0.03847683995154867,
      "n": 600,
      "brier_delta": -0.016310432272208658
    },
    "5": {
      "model_brier": 0.025341167010060842,
      "market_brier": 0.027518967391228912,
      "n": 620,
      "brier_delta": -0.00217780038116807
    },
    "6": {
      "model_brier": 0.026758836043383447,
      "market_brier": 0.036779006517968504,
      "n": 600,
      "brier_delta": -0.010020170474585057
    },
    "7": {
      "model_brier": 0.02173363241973538,
      "market_brier": 0.03245978608432262,
      "n": 620,
      "brier_delta": -0.010726153664587242
    },
    "8": {
      "model_brier": 0.028243646718706838,
      "market_brier": 0.029695632244690708,
      "n": 620,
      "brier_delta": -0.0014519855259838704
    },
    "9": {
      "model_brier": 0.021296214342375636,
      "market_brier": 0.03661475180688427,
      "n": 600,
      "brier_delta": -0.015318537464508633
    },
    "10": {
      "model_brier": 0.02256967351582407,
      "market_brier": 0.03465969097090356,
      "n": 620,
      "brier_delta": -0.01209001745507949
    },
    "11": {
      "model_brier": 0.02184218344758974,
      "market_brier": 0.036022890883234134,
      "n": 600,
      "brier_delta": -0.014180707435644393
    },
    "12": {
      "model_brier": 0.0247767209501142,
      "market_brier": 0.032615862203077425,
      "n": 620,
      "brier_delta": -0.007839141252963224
    }
  },
  "by_season": {
    "Fall (SON)": {
      "model_brier": 0.021910019919664916,
      "market_brier": 0.03575362308573145,
      "n": 1820,
      "brier_delta": -0.013843603166066532
    },
    "Spring (MAM)": {
      "model_brier": 0.02388544523873427,
      "market_brier": 0.03356657975183966,
      "n": 1840,
      "brier_delta": -0.009681134513105389
    },
    "Summer (JJA)": {
      "model_brier": 0.02556587754992622,
      "market_brier": 0.03293682786672248,
      "n": 1840,
      "brier_delta": -0.0073709503167962605
    },
    "Winter (DJF)": {
      "model_brier": 0.025878621625383093,
      "market_brier": 0.030136995887769098,
      "n": 1810,
      "brier_delta": -0.004258374262386004
    }
  },
  "by_bucket": {
    "20-29": {
      "model_brier": 0.006936246488711659,
      "market_brier": 0.011614865877402387,
      "n": 731,
      "brier_delta": -0.004678619388690728
    },
    "30-39": {
      "model_brier": 0.02213749809932161,
      "market_brier": 0.028262930220054605,
      "n": 731,
      "brier_delta": -0.006125432120732997
    },
    "40-49": {
      "model_brier": 0.039612988859831846,
      "market_brier": 0.046481944209305855,
      "n": 731,
      "brier_delta": -0.006868955349474008
    },
    "50-59": {
      "model_brier": 0.03758261499674295,
      "market_brier": 0.05809640598196787,
      "n": 731,
      "brier_delta": -0.02051379098522492
    },
    "60-69": {
      "model_brier": 0.03435012296798474,
      "market_brier": 0.05313158068211795,
      "n": 731,
      "brier_delta": -0.018781457714133212
    },
    "70-79": {
      "model_brier": 0.050801350989472825,
      "market_brier": 0.06288708279662025,
      "n": 731,
      "brier_delta": -0.012085731807147428
    },
    "80-89": {
      "model_brier": 0.04099879809908733,
      "market_brier": 0.05155650309691261,
      "n": 731,
      "brier_delta": -0.010557704997825282
    },
    "90-99": {
      "model_brier": 0.009528673503673148,
      "market_brier": 0.013357712723978577,
      "n": 731,
      "brier_delta": -0.0038290392203054295
    },
    "Above 100": {
      "model_brier": 0.00017361643144337693,
      "market_brier": 0.0020561335927315647,
      "n": 731,
      "brier_delta": -0.0018825171612881879
    },
    "Below 20": {
      "model_brier": 0.0009792870013076273,
      "market_brier": 0.0035888033237614463,
      "n": 731,
      "brier_delta": -0.002609516322453819
    }
  },
  "n_samples": 7310
}