{
  "model_brier": 0.17853207096229368,
  "market_brier": 0.024992506282842126,
  "brier_delta": 0.15353956467945154,
  "n_samples": 4377
}