{
  "n_comparisons": 4377,
  "mean_prob_delta": -0.004982990437753591,
  "std_prob_delta": 0.3859050129071348,
  "mean_abs_prob_delta": 0.26064305292497847,
  "model_brier": 0.17853207096229368,
  "market_brier": 0.024992506282842126,
  "plots_saved": [
    "results/kalshi_real_2023_2024/model_vs_market_scatter.png",
    "results/kalshi_real_2023_2024/ev_delta_histogram.png",
    "results/kalshi_real_2023_2024/daily_probability_timeseries.png",
    "results/kalshi_real_2023_2024/brier_by_month.png"
  ]
}