season,n_samples,model_brier,market_brier,brier_delta,mean_prob_delta,mean_abs_prob_delta
Winter,1267,0.07542276653641161,0.08008595097653902,-0.0046631844401274075,-0.02458378156165194,0.04408590689195054
Spring,1288,0.06538356597943253,0.06902597433924189,-0.0036424083598093626,-0.0224383779587158,0.045254639305205485
Summer,1288,0.07482625085896386,0.0781322954079671,-0.0033060445490032397,-0.021573636841951262,0.0469136979923739
Fall,1274,0.0576747613531595,0.06209325997426117,-0.00441849862110167,-0.026653455590654636,0.04534040863054368
