source,label,n,mae,rmse,r2,bias
gfs_mos_tmax_f,gfs_mos_tmax_f,8072,2.687898909811695,3.5936629060416427,0.9603242226681117,-0.31789890981169494
nam_mos_tmax_f,nam_mos_tmax_f,8015,2.802378041172801,3.749791273875047,0.9562809941632024,-0.9032089831565816
mos_ensemble_tmax_f,mos_ensemble_tmax_f,8072,2.5130748265609517,3.3608387223638596,0.9652986704076545,-0.6090906838453917
