{
  "sigma_by_month": {
    "1": 2.4151782515017657,
    "2": 3.7600543938015227,
    "3": 3.5793045364905187,
    "4": 2.9180990369737523,
    "5": 2.949753821831737,
    "6": 2.48151410278422,
    "7": 2.389812848346969,
    "8": 2.1625707448139955,
    "9": 2.2536744844812877,
    "10": 2.5908870492597953,
    "11": 2.816015473725284,
    "12": 3.5022029524884424
  },
  "monthly_scale": {
    "1": 0.763442160413142,
    "2": 1.0476968100714321,
    "3": 0.8967824003749063,
    "4": 0.7769816125980035,
    "5": 0.9125626144415149,
    "6": 0.9685036787648218,
    "7": 0.9411751299932201,
    "8": 0.8818250282936126,
    "9": 0.9309255197697859,
    "10": 1.0824681133864915,
    "11": 1.0930145170554952,
    "12": 1.1746160882191148
  },
  "regime_thresholds": {
    "spread_high": 3.0,
    "consensus_high": 0.0,
    "dod_high": 6.592965096235275
  }
}