{
  "1": 2.59036900545611,
  "2": 3.36021152506644,
  "3": 3.5112735621528617,
  "4": 3.0227018590713386,
  "5": 2.8546830675647756,
  "6": 2.2289554726167875,
  "7": 2.373340348520544,
  "8": 2.0674178561764873,
  "9": 2.1740180423614843,
  "10": 2.353256360571679,
  "11": 2.6879424798368188,
  "12": 3.1673534100948406
}