{
  "sigma_by_month": {
    "1": 2.4511820720544844,
    "2": 3.795750727467318,
    "3": 3.522429291718275,
    "4": 2.8916322203492446,
    "5": 3.088665189723409,
    "6": 2.3911609428755987,
    "7": 2.3769230634272165,
    "8": 2.214373189833389,
    "9": 2.2624583506836244,
    "10": 2.5808192162779635,
    "11": 2.89684994092019,
    "12": 3.5148060828186547
  },
  "monthly_scale": {
    "1": 0.7834294036949515,
    "2": 1.1151244526799846,
    "3": 0.9228262548899567,
    "4": 0.8494312913901532,
    "5": 0.9972288312964779,
    "6": 0.9238049618559432,
    "7": 0.9423239857587625,
    "8": 0.940457017710747,
    "9": 0.9662495959114554,
    "10": 1.0550887858998657,
    "11": 1.073316281935035,
    "12": 1.1558752015276625
  },
  "regime_thresholds": {
    "spread_high": 3.0,
    "consensus_high": 0.0,
    "dod_high": 6.452143728733063
  }
}