{
  "total_pnl": 1112.479091018129,
  "return_pct": 111.24790910181291,
  "n_trades": 14433,
  "win_rate": 0.6465045382110441,
  "sharpe_ratio": 1.9770293254646425,
  "max_drawdown": -0.08793131270825373,
  "max_drawdown_dollars": -177.66534475157505,
  "model_brier": 0.02221355533613697,
  "market_brier": 0.02284383254734187,
  "brier_edge": 0.0006302772112049028,
  "seasonal": {
    "DJF": {
      "n_trades": 3382,
      "pnl": -674.982923045409,
      "win_rate": 0.6437019515079835,
      "avg_ev": 0.0991274785986061
    },
    "MAM": {
      "n_trades": 3573,
      "pnl": 326.8989914230084,
      "win_rate": 0.6487545479988804,
      "avg_ev": 0.11233700835103282
    },
    "JJA": {
      "n_trades": 3751,
      "pnl": 1205.8634478603483,
      "win_rate": 0.6520927752599307,
      "avg_ev": 0.12532297189455008
    },
    "SON": {
      "n_trades": 3727,
      "pnl": 254.69957478016698,
      "win_rate": 0.6412664341293265,
      "avg_ev": 0.11074410362461462
    }
  }
}