{
  "total_pnl": 589.8163560273599,
  "initial_bankroll": 1000.0,
  "final_bankroll": 1589.81635602736,
  "return_pct": 58.98163560273599,
  "n_trades": 2089,
  "win_rate": 0.5313547151747248,
  "n_trading_days": 812,
  "avg_pnl_per_trade": 0.2823438755516518,
  "median_pnl_per_trade": 0.24742410412547322,
  "avg_ev_traded": 0.04643287741937336,
  "max_drawdown": -57.85416786559824,
  "max_drawdown_pct": -5.427831406246667,
  "busted": false,
  "bust_date": null,
  "sharpe_ratio": 3.223588715356723,
  "daily_pnl_mean": 0.726374822693843,
  "daily_pnl_std": 3.5770204746864755,
  "model_brier": 0.015459415042261403,
  "market_brier": 0.01746880477042405,
  "brier_edge": 0.002009389728162645,
  "seasonal": {
    "DJF": {
      "n_trades": 512,
      "pnl": 119.58927906721661,
      "win_rate": 0.587890625,
      "avg_ev": 0.04218288715408945
    },
    "MAM": {
      "n_trades": 494,
      "pnl": 71.57950001828384,
      "win_rate": 0.5080971659919028,
      "avg_ev": 0.04583237223067492
    },
    "JJA": {
      "n_trades": 594,
      "pnl": 230.62629149842016,
      "win_rate": 0.5218855218855218,
      "avg_ev": 0.052183957718565384
    },
    "SON": {
      "n_trades": 489,
      "pnl": 168.02128544347994,
      "win_rate": 0.5071574642126789,
      "avg_ev": 0.04450343545888733
    }
  }
}