{
  "total_pnl": -1341.1698640931609,
  "initial_bankroll": 1000.0,
  "final_bankroll": -341.16986409316075,
  "return_pct": -134.1169864093161,
  "n_trades": 11998,
  "win_rate": 0.6723620603433905,
  "n_trading_days": 4506,
  "avg_pnl_per_trade": -0.11178278580539737,
  "median_pnl_per_trade": 0.0461593837447109,
  "avg_ev_traded": 0.07164973243155925,
  "max_drawdown": -1342.0292199481296,
  "max_drawdown_pct": -134.3462765411324,
  "sharpe_ratio": -3.733716443128636,
  "daily_pnl_mean": -0.29764089305218766,
  "daily_pnl_std": 1.2654690762098622,
  "model_brier": 0.023339588631358425,
  "market_brier": 0.02359650617454702,
  "brier_edge": 0.00025691754318859367,
  "seasonal": {
    "DJF": {
      "n_trades": 3016,
      "pnl": -106.55141734243493,
      "win_rate": 0.6853448275862069,
      "avg_ev": 0.07181310890249594
    },
    "MAM": {
      "n_trades": 2737,
      "pnl": -300.5281064810832,
      "win_rate": 0.690171720862258,
      "avg_ev": 0.06675773821301109
    },
    "JJA": {
      "n_trades": 3084,
      "pnl": -569.04709769074,
      "win_rate": 0.6465629053177692,
      "avg_ev": 0.07524860311513529
    },
    "SON": {
      "n_trades": 3161,
      "pnl": -365.0432425788995,
      "win_rate": 0.6697247706422018,
      "avg_ev": 0.07221845358045924
    }
  }
}