{
  "city": "Philadelphia",
  "ticker": "KXHIGHPHL",
  "evaluation_unit": "listed_contract_rows",
  "contract_granularity": "day-specific Kalshi pre-settlement rows (typically 2F increments)",
  "n_total_rows": 1455,
  "n_total_dates": 364,
  "n_test_rows": 224,
  "n_test_dates": 56,
  "n_buckets": 57,
  "methods": {
    "1_raw_uncalibrated": {
      "brier": 0.20783283993100168,
      "ece": 0.20625918348324593
    },
    "2_isotonic": {
      "brier": 0.16552343550885062,
      "ece": 0.007440299404585071
    },
    "3_platt_scaling": {
      "brier": 0.16581661942539686,
      "ece": 0.006437017927160734
    },
    "4_seasonal_regime": {
      "brier": 0.16601491059663287,
      "ece": 0.016011968313282894
    }
  },
  "best_method": "2_isotonic",
  "best_brier": 0.16552343550885062
}