variant,overall_brier,is_brier,oos_brier,overall_log_score,overall_ece,oos_ece,n_total,n_is,n_oos,brier_winter,brier_spring,brier_summer,brier_fall,brier_above,brier_below,brier_between
Kalshi_Settled,0.018106,0.026642,0.0021,0.071145,0.017406,0.014109,6204,4046,2158,0.018008,0.010711,0.017357,0.027005,0.010852,0.004453,0.022848
E36_wga_contract_brier,0.113723,0.118627,0.104526,0.362177,0.008803,0.013054,6204,4046,2158,0.107754,0.116261,0.117945,0.112494,0.059314,0.032666,0.144615
E35_wga_synthesis_stacker,0.11553,0.121384,0.104554,0.368279,0.015853,0.041497,6204,4046,2158,0.10798,0.120071,0.120204,0.113258,0.06391,0.034671,0.145707
Kalshi_PreSettlement,0.127061,0.142114,0.098839,0.38825,0.055732,0.024875,6204,4046,2158,0.117345,0.135817,0.131943,0.122213,0.080854,0.051127,0.154852
E37_wga_blend_optimal,0.133482,0.135238,0.13019,0.422612,0.023,0.034267,6204,4046,2158,0.130624,0.139075,0.130267,0.133815,0.09329,0.059354,0.159426
Original_Model,0.133517,0.135291,0.13019,0.422795,0.023049,0.034267,6204,4046,2158,0.130741,0.139197,0.130218,0.133762,0.093597,0.059335,0.159406
E37_wga_blend_50_50,0.133893,0.135869,0.13019,0.42436,0.019519,0.034267,6204,4046,2158,0.130525,0.138565,0.131209,0.135169,0.09206,0.060314,0.160113
E34_wga_base,0.135878,0.138911,0.13019,0.431862,0.026865,0.034267,6204,4046,2158,0.132421,0.139235,0.133326,0.13852,0.093933,0.063051,0.161959
NWS,0.141775,0.143097,0.139298,0.44992,0.032402,0.047506,6204,4046,2158,0.140897,0.142154,0.139789,0.144404,0.100744,0.080972,0.165002
