model,contract_brier,brier_DJF,val_mae,test_mae
Ridge (a=100.0),0.18045359520959647,0.18045359520959647,3.5825806368408735,3.3895198996782874
Persistence,0.18996288861962884,0.18996288861962884,,
Climatology,0.20345060249161215,0.20345060249161215,,
HeteroscedasticNN,0.20981580408011416,0.20981580408011416,3.9670903890163594,3.910868130585272
