model,contract_brier,brier_DJF,val_mae,test_mae
HeteroscedasticNN,0.17418330799345727,0.17418330799345727,3.5746329727545345,3.592215172589434
Ridge (a=100.0),0.18045359520959656,0.18045359520959656,3.5825806368408735,3.3895198996782874
Persistence,0.18996288861962884,0.18996288861962884,,
Climatology,0.20345060249161215,0.20345060249161215,,
