{
  "best_brier": 0.17418330799345727,
  "best_model": "HeteroscedasticNN",
  "n_oos_days": 2253,
  "all_models": {
    "HeteroscedasticNN": 0.17418330799345727,
    "Ridge (a=100.0)": 0.18045359520959656,
    "Persistence": 0.18996288861962884,
    "Climatology": 0.20345060249161215
  }
}