{
  "DJF": 0.02181037891877739,
  "JJA": 0.02238039112612542,
  "MAM": 0.022232916800964633,
  "SON": 0.022268847843936287
}