{
  "total_pnl": 2214.810507083434,
  "return_pct": 221.4810507083434,
  "sharpe_ratio": 5.102319339317985,
  "win_rate": 0.6435813869273945,
  "n_trades": 11046,
  "max_drawdown": -0.04089588722733661,
  "model_brier": 0.0221234053598796,
  "market_brier": 0.022976217651375624,
  "brier_edge": 0.0008528122914960232
}