{
  "simulated_market": {
    "total_pnl": 1695.351335989575,
    "return_pct": 169.53513359895751,
    "sharpe_ratio": 10.82064436167253,
    "n_trades": 1982,
    "win_rate": 0.9142280524722503,
    "model_brier": 0.017115330460654762,
    "market_brier": 0.019433430096582743,
    "brier_edge": 0.002318099635927981
  },
  "real_kalshi": {
    "total_pnl": -999.9999999999994,
    "return_pct": -99.99999999999994,
    "sharpe_ratio": -6.0750029835640245,
    "n_trades": 982,
    "win_rate": 0.4979633401221996,
    "model_brier": 0.23604820930127124,
    "market_brier": 0.144589156813939,
    "brier_edge": -0.09145905248733224,
    "n_contract_rows": 3214,
    "n_trading_days": 592
  }
}