{
  "total_pnl": 1762.658047135254,
  "initial_bankroll": 1000.0,
  "final_bankroll": 2762.658047135254,
  "return_pct": 176.2658047135254,
  "n_trades": 2027,
  "win_rate": 0.9156388751850024,
  "n_trading_days": 1096,
  "avg_pnl_per_trade": 0.8695895644475845,
  "median_pnl_per_trade": 0.6566806285091609,
  "avg_ev_traded": 0.08791945784112659,
  "max_drawdown": -16.21176633293885,
  "max_drawdown_pct": -1.0476263521501656,
  "sharpe_ratio": 11.646895342870364,
  "daily_pnl_mean": 1.6082646415467647,
  "daily_pnl_std": 2.1920356414205675,
  "model_brier": 0.017121040055030744,
  "market_brier": 0.01941544308927511,
  "brier_edge": 0.0022944030342443647,
  "seasonal": {
    "DJF": {
      "n_trades": 344,
      "pnl": 150.07633175531416,
      "win_rate": 0.9738372093023255,
      "avg_ev": 0.04900501951048908
    },
    "MAM": {
      "n_trades": 340,
      "pnl": 156.41061349991674,
      "win_rate": 0.9588235294117647,
      "avg_ev": 0.058544003055518774
    },
    "JJA": {
      "n_trades": 741,
      "pnl": 846.441772207859,
      "win_rate": 0.8758434547908233,
      "avg_ev": 0.12258095658067743
    },
    "SON": {
      "n_trades": 602,
      "pnl": 609.7293296721643,
      "win_rate": 0.9069767441860465,
      "avg_ev": 0.08408233300198838
    }
  }
}