{
  "simulated_market": {
    "total_pnl": 1762.658047135254,
    "return_pct": 176.2658047135254,
    "sharpe_ratio": 11.646895342870364,
    "n_trades": 2027,
    "win_rate": 0.9156388751850024,
    "model_brier": 0.017121040055030744,
    "market_brier": 0.01941544308927511,
    "brier_edge": 0.0022944030342443647
  },
  "real_kalshi": {
    "total_pnl": -1059.5899999999997,
    "return_pct": -105.95899999999996,
    "sharpe_ratio": -6.460898581818135,
    "n_trades": 1713,
    "win_rate": 0.4816112084063047,
    "model_brier": 0.23750697513350008,
    "market_brier": 0.144589156813939,
    "brier_edge": -0.09291781831956109,
    "n_contract_rows": 3214,
    "n_trading_days": 592
  }
}