{
  "total_pnl": 1695.351335989575,
  "initial_bankroll": 1000.0,
  "final_bankroll": 2695.351335989575,
  "return_pct": 169.53513359895751,
  "n_trades": 1982,
  "win_rate": 0.9142280524722503,
  "n_trading_days": 1096,
  "avg_pnl_per_trade": 0.8553740343035192,
  "median_pnl_per_trade": 0.630066245507451,
  "avg_ev_traded": 0.0875827851278292,
  "max_drawdown": -40.046821684319866,
  "max_drawdown_pct": -2.7116602571310455,
  "busted": false,
  "bust_date": null,
  "sharpe_ratio": 10.82064436167253,
  "daily_pnl_mean": 1.5468534087496124,
  "daily_pnl_std": 2.2693229519973435,
  "model_brier": 0.017115330460654762,
  "market_brier": 0.019433430096582743,
  "brier_edge": 0.002318099635927981,
  "seasonal": {
    "DJF": {
      "n_trades": 320,
      "pnl": 96.66444863344327,
      "win_rate": 0.965625,
      "avg_ev": 0.04585589295277896
    },
    "MAM": {
      "n_trades": 363,
      "pnl": 175.1314031385015,
      "win_rate": 0.9586776859504132,
      "avg_ev": 0.06058880315448424
    },
    "JJA": {
      "n_trades": 739,
      "pnl": 870.6839133635417,
      "win_rate": 0.878213802435724,
      "avg_ev": 0.12334415554302788
    },
    "SON": {
      "n_trades": 560,
      "pnl": 552.8715708540885,
      "win_rate": 0.9035714285714286,
      "avg_ev": 0.08173237122695147
    }
  }
}