{
  "total_pnl": 2214.810507083434,
  "initial_bankroll": 1000.0,
  "final_bankroll": 3214.810507083434,
  "return_pct": 221.4810507083434,
  "n_trades": 11046,
  "win_rate": 0.6435813869273945,
  "n_trading_days": 3314,
  "avg_pnl_per_trade": 0.20050792206078716,
  "median_pnl_per_trade": 0.4145561700631317,
  "avg_ev_traded": 0.12204746616122761,
  "max_drawdown": -56.12603571567706,
  "max_drawdown_pct": -4.0895887227336605,
  "sharpe_ratio": 5.102319339317985,
  "daily_pnl_mean": 0.6683194046721349,
  "daily_pnl_std": 2.0792978528359534,
  "model_brier": 0.0221234053598796,
  "market_brier": 0.022976217651375624,
  "brier_edge": 0.0008528122914960232,
  "seasonal": {
    "DJF": {
      "n_trades": 2634,
      "pnl": -286.8332474542083,
      "win_rate": 0.642369020501139,
      "avg_ev": 0.10171556301953151
    },
    "MAM": {
      "n_trades": 2774,
      "pnl": 489.4599485956855,
      "win_rate": 0.6467195385724586,
      "avg_ev": 0.11111848896255294
    },
    "JJA": {
      "n_trades": 2850,
      "pnl": 1272.4277427241327,
      "win_rate": 0.6396491228070176,
      "avg_ev": 0.14428007587647823
    },
    "SON": {
      "n_trades": 2788,
      "pnl": 739.7560632178452,
      "win_rate": 0.6456241032998565,
      "avg_ev": 0.12940337646821712
    }
  }
}