{
  "CHI": {
    "total_pnl": 48.05354623143671,
    "return_pct": 4.805354623143671,
    "n_trades": 859,
    "win_rate": 0.6391152502910361,
    "sharpe_ratio": 1.1668182064967043,
    "max_drawdown": -61.21063641965634,
    "max_drawdown_pct": -5.951598560414931,
    "model_brier": 0.019045829810210288,
    "market_brier": 0.019829241390683032,
    "brier_edge": 0.000783411580472744,
    "seasonal": {
      "DJF": {
        "n_trades": 151,
        "pnl": -92.1347495181785,
        "win_rate": 0.5761589403973509,
        "avg_ev": 0.07360055312214407
      },
      "MAM": {
        "n_trades": 251,
        "pnl": -11.989540734392675,
        "win_rate": 0.6374501992031872,
        "avg_ev": 0.11508471105273171
      },
      "JJA": {
        "n_trades": 274,
        "pnl": 123.33900933446286,
        "win_rate": 0.6605839416058394,
        "avg_ev": 0.1496568083140095
      },
      "SON": {
        "n_trades": 183,
        "pnl": 28.83882714954748,
        "win_rate": 0.6612021857923497,
        "avg_ev": 0.10800631945535161
      }
    }
  },
  "PHL": {
    "total_pnl": -21.994186472260367,
    "return_pct": -2.1994186472260364,
    "n_trades": 296,
    "win_rate": 0.625,
    "sharpe_ratio": -1.5672618732411523,
    "max_drawdown": -72.3958477650873,
    "max_drawdown_pct": -6.892206137220214,
    "model_brier": 0.021149670958651955,
    "market_brier": 0.020678011632871453,
    "brier_edge": -0.00047165932578050254,
    "seasonal": {
      "DJF": {
        "n_trades": 84,
        "pnl": -61.53643790255412,
        "win_rate": 0.5238095238095238,
        "avg_ev": 0.1320280945458572
      },
      "MAM": {
        "n_trades": 0,
        "pnl": 0.0,
        "win_rate": 0.0
      },
      "JJA": {
        "n_trades": 18,
        "pnl": 8.58462822246075,
        "win_rate": 0.6666666666666666,
        "avg_ev": 0.15538006583272432
      },
      "SON": {
        "n_trades": 194,
        "pnl": 30.95762320783281,
        "win_rate": 0.6649484536082474,
        "avg_ev": 0.13787989587230653
      }
    }
  }
}