{
  "Exp NN Raw+MSE": {
    "mae": 8.610079765319824,
    "rmse": 13.636563301086426,
    "r2": 0.24450647830963135,
    "bias": -1.2804031372070312,
    "n_features": 202,
    "n_params": 84993,
    "best_epoch": 63,
    "loss_type": "mse",
    "target_type": "raw",
    "n_surrounding_stations": 50
  },
  "Exp NN Raw+Huber": {
    "mae": 8.223855972290039,
    "rmse": 12.74005126953125,
    "r2": 0.3405783176422119,
    "bias": -2.323345184326172,
    "n_features": 202,
    "n_params": 84993,
    "best_epoch": 39,
    "loss_type": "huber",
    "target_type": "raw",
    "n_surrounding_stations": 50
  },
  "Exp NN Delta+Huber (no AR)": {
    "mae": 5.098443445778677,
    "rmse": 6.536508612784437,
    "r2": 0.8264148532798513,
    "bias": -0.3640661271623452,
    "n_features": 202,
    "n_params": 84993,
    "best_epoch": 29,
    "loss_type": "huber",
    "target_type": "delta",
    "n_surrounding_stations": 50
  },
  "Exp NN Delta+Huber+AR": {
    "mae": 4.846760839139023,
    "rmse": 6.473131849754908,
    "r2": 0.829764632881407,
    "bias": -0.11059817127067684,
    "n_features": 203,
    "n_params": 85249,
    "best_epoch": 52,
    "loss_type": "huber",
    "target_type": "delta",
    "n_surrounding_stations": 50
  },
  "Exp NN Delta+Huber+Full": {
    "mae": NaN,
    "rmse": NaN,
    "r2": NaN,
    "bias": NaN,
    "n_features": 363,
    "n_params": 126209,
    "best_epoch": 0,
    "loss_type": "huber",
    "target_type": "delta",
    "n_surrounding_stations": 50
  },
  "_metadata": {
    "n_stations_total": 51,
    "n_surrounding": 50,
    "station_ids": [
      "USW00004725",
      "USW00004781",
      "USW00004789",
      "USW00013724",
      "USW00013739",
      "USW00014707",
      "USW00014712",
      "USW00014719",
      "USW00014732",
      "USW00014734",
      "USW00014735",
      "USW00014737",
      "USW00014739",
      "USW00014740",
      "USW00014750",
      "USW00014757",
      "USW00014758",
      "USW00014763",
      "USW00014770",
      "USW00014771",
      "USW00014777",
      "USW00014792",
      "USW00014794",
      "USW00054734",
      "USW00054737",
      "USW00054743",
      "USW00054746",
      "USW00054756",
      "USW00054768",
      "USW00054779",
      "USW00054780",
      "USW00054781",
      "USW00054782",
      "USW00054785",
      "USW00054786",
      "USW00054787",
      "USW00054789",
      "USW00054790",
      "USW00054793",
      "USW00054797",
      "USW00064707",
      "USW00064756",
      "USW00093730",
      "USW00093780",
      "USW00093786",
      "USW00094702",
      "USW00094728",
      "USW00094732",
      "USW00094741",
      "USW00094745",
      "USW00094789"
    ]
  }
}