season,is_pnl,is_trades,is_win_rate,oos_pnl,oos_trades,oos_win_rate
Winter (DJF),1023.3547995827622,123,0.5609756097560976,756.1449663467706,67,0.6716417910447762
Spring (MAM),1634.9560874004333,164,0.6219512195121951,349.48454162279506,80,0.4375
Summer (JJA),1700.985872024511,163,0.5828220858895705,657.6002177898845,88,0.5227272727272727
Fall (SON),2093.3318519998247,160,0.65625,792.5110166396565,76,0.618421052631579
