{
  "best_brier": 0.1780998523803478,
  "best_model": "Ridge (a=100.0)",
  "n_oos_days": 2192,
  "all_models": {
    "Ridge (a=100.0)": 0.1780998523803478,
    "HeteroscedasticNN": 0.17912937132942636,
    "Persistence": 0.1919671102659252,
    "Climatology": 0.2060641995049279
  }
}