model,test_brier,brier_DJF,brier_MAM,brier_JJA,brier_SON
Real_NWS_MOS,0.01351374942777124,0.013786661577691973,0.01379671205089275,0.013498757910944579,0.012969921434123847
MOSCorrectionNet,0.014380774230881768,0.014313156990534459,0.01485986769183579,0.014106152675938132,0.014241672621196591
RegimeConditionalNet,0.01438777485193285,0.014183538791842669,0.014738627159217203,0.014318538670481702,0.014307300103488355
FeatureAttentionNet,0.014497708531620291,0.01446468831255312,0.014782224504135077,0.014498221092317166,0.014242568035792153
Ridge(a=1.0),0.014532648917660276,0.014582262873692744,0.014765981894307632,0.014362637413877116,0.014419017648402465
HeteroscedasticNN,0.014703762401921063,0.014713607793526698,0.014869185432827182,0.014790388376004484,0.014439098236040296
Persistence,0.014923089166073064,0.014955013868732294,0.015126107236761754,0.014734651583933979,0.014876423749715324
Climatology,0.015210937784319888,0.015449882361230502,0.015311160588496044,0.014738319792212832,0.015348480650152596
CalibratedEnsemble,0.015435884669380659,0.015631937311387487,0.01550223390504617,0.015162397877701394,0.015449245820266853
