{
  "Persistence": {
    "test_brier": 0.1919671102659252
  },
  "Climatology": {
    "test_brier": 0.2060641995049279
  },
  "Ridge (a=100.0)": {
    "test_brier": 0.1780998523803478,
    "val_mae": 4.5405545613981,
    "test_mae": 4.582945741242078,
    "alpha": 100.0
  },
  "HeteroscedasticNN": {
    "test_brier": 0.17912937132942636,
    "val_mae": 5.286937265243774,
    "test_mae": 4.9304101836768375,
    "best_epoch": 65
  }
}