{
  "Persistence": {
    "test_brier": 0.1919671102659252
  },
  "Climatology": {
    "test_brier": 0.2060641995049279
  },
  "Ridge (a=100.0)": {
    "test_brier": 0.17809985238034778,
    "val_mae": 4.540554561398096,
    "test_mae": 4.582945741242076,
    "alpha": 100.0
  },
  "HeteroscedasticNN": {
    "test_brier": 0.17901817191682345,
    "val_mae": 5.106789894661148,
    "test_mae": 4.82661573236006,
    "best_epoch": 81
  }
}