model,val_brier,test_brier,test_brier_DJF,test_brier_MAM,test_brier_JJA,test_brier_SON,val_mae,test_mae
Ridge (a=100.0),0.014520696174819698,0.014530888584198123,0.014561316211358198,0.014848370214034146,0.014305166594979274,0.01440791588174127,4.540554561398096,4.582945741242076
HeteroscedasticNN,0.014710778792892277,0.014673353375460082,0.014749372773772,0.014955138612936535,0.014517469249396996,0.014470606255706894,5.077994973945706,4.855103949926195
Persistence,0.014962626688251008,0.014953444691274192,0.015003795773243976,0.015214078690805512,0.014712971685760731,0.01488307993829713,,
Climatology,0.015185950690506215,0.015200441841026546,0.015314284735668229,0.015399271660527293,0.014810466240010606,0.015280679244873788,,
