model,contract_brier,brier_DJF,brier_MAM,brier_JJA,brier_SON,val_mae,test_mae
Ridge (a=100.0),0.17809985238034778,0.17375448373038735,0.1743754998545834,0.17575789955815985,0.18922475522233365,4.540554561398096,4.582945741242076
HeteroscedasticNN,0.18172936366408127,0.18018466282921988,0.17424030598177986,0.18531527113313745,0.1874766848194611,5.537968265284474,5.133433247047619
Persistence,0.1919671102659252,0.19054298423275653,0.1871221143606955,0.18823291882905635,0.20266006963523805,,
Climatology,0.2060641995049279,0.21867607502165595,0.19309252179809008,0.19140336359070148,0.2221596982198122,,
