model,contract_brier,brier_DJF,brier_MAM,brier_JJA,brier_SON,val_mae,test_mae
Ridge (a=100.0),0.1780998523803478,0.17375448373038732,0.17437549985458348,0.17575789955815982,0.18922475522233362,4.5405545613981,4.582945741242078
HeteroscedasticNN,0.17912937132942636,0.1771142092932853,0.171519854753524,0.18024896837520527,0.1881639766255142,5.286937265243774,4.9304101836768375
Persistence,0.1919671102659252,0.19054298423275653,0.1871221143606955,0.18823291882905635,0.20266006963523805,,
Climatology,0.2060641995049279,0.21867607502165595,0.19309252179809008,0.19140336359070148,0.2221596982198122,,
