{
  "Real_NWS_MOS": {
    "test_brier": 0.01351374942777124,
    "per_bucket_brier": [
      1.0967355448922521e-08,
      2.773566016897202e-08,
      2.6673587447902056e-07,
      2.3146850220111018e-06,
      1.3124389644067438e-05,
      4.854704828882784e-05,
      0.00012142213853788985,
      0.005796472726540166,
      0.000270264345250988,
      0.0002421145882950007,
      0.00015946561472335744,
      0.00012156563118537811,
      0.0001900029776127699,
      0.0037522970390372703,
      0.0004060365774372031,
      0.0022039709457198735,
      0.003925156094391151,
      0.0005656777584505848,
      0.00503402460464242,
      0.006265623710292347,
      0.008459954960626926,
      0.003222555612866314,
      0.024940412275938743,
      0.018031056810068787,
      0.02203550059106107,
      0.02934420637652057,
      0.01525887752839929,
      0.01928794327506507,
      0.02356741934738582,
      0.023067839771371033,
      0.01786481115231159,
      0.032832324731136314,
      0.0186615242116114,
      0.018259352514597937,
      0.021164380990586675,
      0.013691331333031978,
      0.018169164232099865,
      0.02232840680905405,
      0.019341483780762024,
      0.026278223111535184,
      0.037192720731333,
      0.035212794669923615,
      0.02729407211427904,
      0.036164913833121426,
      0.019063006788005536,
      0.031505592865006114,
      0.04777750649530332,
      0.02777965372375859,
      0.046119734286511255,
      0.04713572335372368,
      0.015051455456203495,
      0.022290718082960268,
      0.011317512122918753,
      0.0032699797041304715,
      0.004024666765413643,
      0.0016601205847346788,
      5.9524675226615663e-05,
      7.204103852698068e-06,
      3.7129167282908444e-07,
      1.730629707600266e-08,
      9.930457539619202e-09,
      9.906991159728869e-09
    ]
  },
  "Persistence": {
    "test_brier": 0.014923089166073064,
    "per_bucket_brier": [
      2.9785946791814034e-05,
      9.874733894244989e-06,
      1.8561450783377694e-05,
      3.111924965199304e-05,
      4.660406329757336e-05,
      6.254933264612148e-05,
      7.57462534357377e-05,
      0.0072317905258495905,
      8.707332123649048e-05,
      8.818788649687072e-05,
      9.151332342673795e-05,
      0.00010075746418236865,
      0.00011781845788347247,
      0.005397990931203628,
      0.00017773663168714414,
      0.0025126866724278114,
      0.005204759558190768,
      0.0003741039776045358,
      0.004958465235028023,
      0.007804311429035417,
      0.010333155128342139,
      0.00334382861418151,
      0.028941104026034496,
      0.019911962714612798,
      0.021618664815303612,
      0.034649012345291046,
      0.015581145339815897,
      0.020861750936026904,
      0.025611277080448726,
      0.025241693021440078,
      0.020924451797011315,
      0.036623538903375705,
      0.020860241762426162,
      0.01806708768504758,
      0.02361754184638737,
      0.015625297167033158,
      0.018621951411372586,
      0.023674839037560676,
      0.020664395173950346,
      0.02780057623180106,
      0.04764738673840499,
      0.03787133831197252,
      0.027949932940889592,
      0.04269917526706188,
      0.016546884536670126,
      0.03336584544246949,
      0.053852275578766866,
      0.028289622101569746,
      0.050810167105430085,
      0.05512509926172189,
      0.01531491384397072,
      0.02442719387315936,
      0.01255820197176102,
      0.003365092850634837,
      0.005132129350271002,
      0.00266494368022156,
      0.00026475067848028813,
      0.00015408605024518578,
      8.379489116871413e-05,
      4.24086242096006e-05,
      1.988581685620866e-05,
      5.14478983772875e-05
    ]
  },
  "Climatology": {
    "test_brier": 0.015210937784319888,
    "per_bucket_brier": [
      9.149990128655207e-08,
      3.227116945798941e-08,
      5.952964805596761e-08,
      1.1779383823424208e-07,
      2.397003117509172e-07,
      4.905747448890349e-07,
      9.999526631153562e-07,
      0.00817170539150891,
      4.023863625880914e-06,
      7.882491722201223e-06,
      1.5114684628595919e-05,
      2.8232944601997675e-05,
      5.111159634870864e-05,
      0.005357201106916609,
      0.00014942191700318064,
      0.0026869471394185915,
      0.005179622971201807,
      0.0005242718169609855,
      0.005924713185765638,
      0.008466605045481093,
      0.010727155917353737,
      0.0037788365708929135,
      0.02946490604375287,
      0.020245171431714466,
      0.023228362224955508,
      0.03532578931919478,
      0.01629548857290804,
      0.02097319527326677,
      0.02579756969892553,
      0.026256212011219526,
      0.020923282748849078,
      0.038323417683327705,
      0.020743124144531597,
      0.019078370207742536,
      0.02326711078725801,
      0.016014333133394145,
      0.019195299897315256,
      0.023701518989300716,
      0.020376667053995646,
      0.028400217188069708,
      0.04731617142163152,
      0.03917787994338559,
      0.02920429548615425,
      0.043382830489637654,
      0.01638109671492849,
      0.0337185087152186,
      0.05547309885075037,
      0.029049827764717154,
      0.04992028927750398,
      0.05454627135326525,
      0.01653954304542956,
      0.025623059562877148,
      0.013222431541673236,
      0.0027431436530866624,
      0.00538100544519155,
      0.002703819369709389,
      7.0123532302082904e-06,
      2.075368094495995e-06,
      5.88052724093554e-07,
      1.6651415758100845e-07,
      5.147726491430329e-08,
      6.18517717816893e-08
    ]
  },
  "Ridge(a=1.0)": {
    "test_brier": 0.014532648917660276,
    "per_bucket_brier": [
      1.1477843871187769e-08,
      1.8282754555778842e-08,
      7.481661512130627e-08,
      4.0153172380711607e-07,
      1.8615953629571214e-06,
      6.897891541020588e-06,
      2.028332238919927e-05,
      0.007090316946797316,
      9.109889240203286e-05,
      0.00014517246698053229,
      0.00020018839221943967,
      0.0002486351491244175,
      0.000286620545057025,
      0.005241038590835216,
      0.0003241781795779019,
      0.002412288507123911,
      0.004773787356998078,
      0.00044976642718646826,
      0.005009610094213712,
      0.007299035102837794,
      0.009476799843104405,
      0.0032343034926650043,
      0.027614615945254134,
      0.019184985406796303,
      0.02124833227025128,
      0.03295613351339448,
      0.015784451592867614,
      0.019514846889413517,
      0.024920676907892847,
      0.02466371576295113,
      0.020875375350543884,
      0.03632682543247695,
      0.019434144489406203,
      0.01729850779476551,
      0.022568517601735397,
      0.015016776717756251,
      0.018529651171537972,
      0.023111067362681734,
      0.01977652131237648,
      0.026299136878641605,
      0.04507858175862272,
      0.03749490524568155,
      0.02932216507256819,
      0.04103992393327064,
      0.016911104839320575,
      0.033586666104263994,
      0.05350301570278119,
      0.02862433515257468,
      0.04918501498290225,
      0.05227157891683434,
      0.015139823943510603,
      0.023971548906819417,
      0.01290134331937717,
      0.0032919214092807718,
      0.004971166856305662,
      0.0022242287170112897,
      4.7940866217466406e-05,
      1.6166753962035953e-05,
      4.67449179711896e-06,
      1.1341379079255534e-06,
      2.3105390000782019e-07,
      8.942393044105576e-08
    ]
  },
  "HeteroscedasticNN": {
    "test_brier": 0.014703762401921063,