{
  "Persistence": {
    "test_brier": 0.1919671102659252
  },
  "Climatology": {
    "test_brier": 0.2060641995049279
  },
  "Ridge (a=100.0)": {
    "test_brier": 0.17809985238034778,
    "val_mae": 4.540554561398096,
    "test_mae": 4.582945741242076,
    "alpha": 100.0
  },
  "HeteroscedasticNN": {
    "test_brier": 0.18172936366408127,
    "val_mae": 5.537968265284474,
    "test_mae": 5.133433247047619,
    "best_epoch": 72
  }
}