model,contract_brier,brier_DJF,brier_MAM,brier_JJA,brier_SON,val_mae,test_mae
Ridge (a=100.0),0.17809985238034778,0.17375448373038735,0.1743754998545834,0.17575789955815985,0.18922475522233365,4.540554561398096,4.582945741242076
HeteroscedasticNN,0.17901817191682345,0.17510171629356605,0.17395255826387776,0.18128260613951067,0.1861485226875916,5.106789894661148,4.82661573236006
Persistence,0.1919671102659252,0.19054298423275653,0.1871221143606955,0.18823291882905635,0.20266006963523805,,
Climatology,0.2060641995049279,0.21867607502165595,0.19309252179809008,0.19140336359070148,0.2221596982198122,,
