{
  "best_model": "Ridge (a=100.0)",
  "best_model_contract_brier": 0.17809985238034778,
  "all_model_briers": {
    "Ridge (a=100.0)": 0.17809985238034778,
    "HeteroscedasticNN": 0.17901817191682345,
    "Persistence": 0.1919671102659252,
    "Climatology": 0.2060641995049279
  },
  "kalshi_market_brier": 0.12530385352760737,
  "model_edge": -0.05279599885274042,
  "n_market_rows": 6520,
  "n_market_dates": 1144
}