{
  "Persistence": {
    "val_brier": 0.014962626688251008,
    "test_brier": 0.014953444691274192,
    "per_bucket_brier": [
      0.00012701230964781265,
      0.00045924874474735563,
      1.2797112445041354e-05,
      1.783302053820593e-05,
      2.4520243323803268e-05,
      0.0004890037203692276,
      0.000461357914555741,
      0.0012505580864430796,
      0.001308588451456719,
      8.980562362960771e-05,
      0.00011398336731991897,
      0.0014213246297043783,
      0.0034533078142770434,
      0.0043896488960858526,
      0.0022819660726557454,
      0.003324558413112584,
      0.004858403856739523,
      0.0037312437647057848,
      0.007044307280765234,
      0.011081956956233046,
      0.010091046546425871,
      0.015626728528186546,
      0.03402609616822646,
      0.02451779293789955,
      0.02566256161931964,
      0.030260553797000395,
      0.01602322205180709,
      0.025473327250865794,
      0.02506642645638506,
      0.02612893941145914,
      0.024400179246344744,
      0.04608188213110089,
      0.026114621279336232,
      0.02293011087018466,
      0.023764454900825453,
      0.013262360647880653,
      0.018426155059519982,
      0.021871284802642405,
      0.02166039255949575,
      0.022315610390672033,
      0.039315323301397184,
      0.024808532997397038,
      0.026353462997101285,
      0.03410743692860737,
      0.019011195416768448,
      0.03350047415132045,
      0.03484763891893291,
      0.03805586902810561,
      0.036935954831293596,
      0.05151826950496502,
      0.025102032597437908,
      0.02260124714366794,
      0.011521470159676675,
      0.003987849584987727,
      0.0028809848518330534,
      0.0019808598791026554,
      0.0006232536166780377,
      0.0001420679964210482,
      7.565859891229008e-05,
      3.749880771281617e-05,
      1.7264944215738128e-05,
      4.405166813114212e-05
    ]
  },
  "Climatology": {
    "val_brier": 0.015185950690506215,
    "test_brier": 0.015200441841026546,
    "per_bucket_brier": [
      3.653309447048536e-08,
      0.00045575567989201125,
      4.044086262876947e-08,
      8.665896283154755e-08,
      1.9434247526471943e-07,
      0.000454475596982717,
      0.0004543446980852963,
      0.0013567143054262387,
      0.0013692844241257295,
      8.378445249095457e-06,
      1.6101437989633393e-05,
      0.0013606947717539118,
      0.0036153641585722107,
      0.004445565846765063,
      0.002325179229546337,
      0.003173727283161856,
      0.005013676704052326,
      0.0038288042545153015,
      0.007396105683115508,
      0.011484470261095196,
      0.01034510266027528,
      0.016186171822141823,
      0.03456548183744115,
      0.02459578718684729,
      0.026361370490952975,
      0.030810816193208173,
      0.016501251311032725,
      0.02599148497344613,
      0.0251364223069982,
      0.026347219867058843,
      0.024891625195485424,
      0.04723762724366151,
      0.02636603787742498,
      0.02350571843348627,
      0.024095192854131444,
      0.013276263751389643,
      0.01878817351620526,
      0.021717709759073778,
      0.021724462292514846,
      0.022686421450072103,
      0.0399020889754532,
      0.02577085489493062,
      0.02704833944471138,
      0.03523065056880463,
      0.019509073033668528,
      0.034162301760949546,
      0.0358577212029689,
      0.037852123331335766,
      0.03705182679461334,
      0.05205448588156599,
      0.02579916634876991,
      0.02376006241632051,
      0.011821987921463915,
      0.0036896504782935064,
      0.002733184752013945,
      0.0018219700312215364,
      0.00046749477499564713,
      3.5927534324419744e-06,
      1.0407534872160296e-06,
      2.8606195224904213e-07,
      7.909574221568161e-08,
      7.108837935426202e-08
    ]
  },
  "Ridge (a=100.0)": {
    "val_brier": 0.014520696174819698,
    "test_brier": 0.014530888584198123,
    "per_bucket_brier": [
      4.6437687694963815e-07,
      0.00045483940593322677,
      1.6382183316504982e-06,
      3.989208280158753e-06,
      8.252285669453179e-06,
      0.0004712797065714352,
      0.00035671957257861963,
      0.0012070425122654366,
      0.0013363048310497175,
      9.902904012184759e-05,
      0.00013863820437788772,
      0.0014952215917588248,
      0.0033147862004766267,
      0.003933087589501527,
      0.0022215122386175725,
      0.0031327316928785476,
      0.004778029389033946,
      0.0035448445598537525,
      0.007025035293785281,
      0.010547882463907674,
      0.009808159999913794,
      0.014861730646827486,
      0.032540038102489906,
      0.02341108066712821,
      0.024988080500321714,
      0.029113257974480486,
      0.015936633190500107,
      0.025175960778983125,
      0.024505043958290406,
      0.025767120899024356,
      0.024031867220636206,
      0.044418852796643295,
      0.025095546889716675,
      0.022410528363337182,
      0.02319335636929483,
      0.013247291677335057,
      0.018099959129369427,
      0.02105939215591205,
      0.020495292266796923,
      0.021408267501359653,
      0.037586427549679086,
      0.024328915141355358,
      0.02598863912079439,
      0.0331584147690611,
      0.019621878945098575,
      0.03302765531755791,
      0.03472216752022075,
      0.037229728413395384,
      0.03590150042319735,
      0.04976979105136474,
      0.024508257794900085,
      0.021918863890272852,
      0.011055320480781816,
      0.003689913585189982,
      0.0026009456807602176,
      0.001693995823818913,
      0.0004628365341265659,
      8.410485839143172e-06,
      2.0766926463765525e-06,
      4.4303531997942403e-07,
      8.59884028818989e-08,
      3.450626913679642e-08
    ],
    "val_mae": 4.540554561398096,
    "test_mae": 4.582945741242076,
    "alpha": 100.0
  },
  "HeteroscedasticNN": {
    "val_brier": 0.014710778792892277,
    "test_brier": 0.014673353375460082,
    "per_bucket_brier": [
      1.2282321659966211e-07,
      0.00044970818936054845,
      1.0469935841011713e-07,
      2.151558000358703e-07,
      4.3719686282513325e-07,
      0.00045658556422300693,
      0.00043058729117004973,
      0.001324509319449586,
      0.0013266208999912188,
      1.9302940197779734e-05,
      4.877541665367484e-05,
      0.0013144144013879104,
      0.003176099723112764,
      0.003885083371099063,
      0.0022267199698843645,
      0.0031228760297812015,
      0.004719374805826521,
      0.004157297755975657,
      0.0071492861003845855,
      0.010888152414583237,
      0.010263053897030142,
      0.015499726090162204,
      0.03273401547584465,
      0.024139377318616925,
      0.025593131205743542,
      0.029044811373116194,
      0.016557545930230833,
      0.02528209922118702,
      0.024598090875230443,
      0.0254302647512394,
      0.02444122295122095,
      0.04548869003385001,
      0.025259033307223365,
      0.022406282613817316,
      0.02293733661870102,
      0.01294798427572352,
      0.017987636687673645,
      0.021047922220108376,
      0.02081691223478657,
      0.02168632951716191,
      0.03782343519194452,
      0.024064969455926496,
      0.026094814610832733,
      0.033543086146201655,
      0.019106386270971734,
      0.03293596655028625,
      0.0345326213625635,
      0.03727014455056308,
      0.03608568363834699,
      0.05096383634690006,
      0.0248927644811895,
      0.022505322335850075,
      0.011366779899800016,
      0.003907595422203746,
      0.002866920012236468,
      0.0019216261765551774,
      0.0006248206940562761,
      0.00013044289154135122,
      7.205828085054134e-05,
      3.820718633807136e-05,
      1.9672080329166066e-05,
      0.00012301502605049512
    ],
    "val_mae": 5.077994973945706,
    "test_mae": 4.855103949926195,
    "best_epoch": 69
  }
}