{
  "E0_Persistence": {
    "test_brier": 0.014957532831007777,
    "test_mae": 6.234717153284672,
    "sigma": 8.331854555551244,
    "seasonal": {
      "DJF": 0.015005829781026873,
      "MAM": 0.015210069109271711,
      "JJA": 0.01472486580803441,
      "SON": 0.01488950210604304
    }
  },
  "E1_Climatology": {
    "test_brier": 0.015199758885593896,
    "test_mae": 7.997632733750436,
    "seasonal": {
      "DJF": 0.015313774103502115,
      "MAM": 0.015397269724338497,
      "JJA": 0.014813597679538177,
      "SON": 0.015277302392277944
    }
  },
  "E2_Ridge(a=100.0)": {
    "test_brier": 0.014534711696441752,
    "test_mae": 4.582945741242076,
    "alpha": 100.0,
    "sigma": 5.7399586075969635,
    "seasonal": {
      "DJF": 0.014563971973236604,
      "MAM": 0.014840345537694623,
      "JJA": 0.014317431514776713,
      "SON": 0.014416341201725103
    }
  },
  "E3_HeteroNN_128_64": {
    "test_brier": 0.014594418840675952,
    "test_mae": 4.712116439342499,
    "best_epoch": 79,
    "seasonal": {
      "DJF": 0.014719651595568062,
      "MAM": 0.014890558198037656,
      "JJA": 0.014380007627575958,
      "SON": 0.014387477286126526
    }
  },
  "E4_DeepNN_256_128_64": {
    "test_brier": 0.014593010393240452,
    "test_mae": 4.592950107233368,
    "best_epoch": 68,
    "seasonal": {
      "DJF": 0.014586323607953143,
      "MAM": 0.01486645906656123,
      "JJA": 0.014496365914449479,
      "SON": 0.01442090109332337
    }
  },
  "E5_EnsembleNN": {
    "test_brier": 0.014587156354403526,
    "test_mae": 4.581974638100089,
    "seasonal": {
      "DJF": 0.01456747856973551,
      "MAM": 0.014853220515940263,
      "JJA": 0.014509956323798928,
      "SON": 0.014415750418534521
    }
  }
}