{
  "E0_Persistence": {
    "test_brier": 0.014957532831007777,
    "test_mae": 6.234717153284672,
    "sigma": 8.331854555551244,
    "seasonal": {
      "DJF": 0.015005829781026873,
      "MAM": 0.015210069109271711,
      "JJA": 0.01472486580803441,
      "SON": 0.01488950210604304
    }
  },
  "E1_Climatology": {
    "test_brier": 0.015199758885593896,
    "test_mae": 7.997632733750436,
    "seasonal": {
      "DJF": 0.015313774103502115,
      "MAM": 0.015397269724338497,
      "JJA": 0.014813597679538177,
      "SON": 0.015277302392277944
    }
  },
  "E2_Ridge(a=100.0)": {
    "test_brier": 0.014534711696441752,
    "test_mae": 4.582945741242076,
    "alpha": 100.0,
    "sigma": 5.7399586075969635,
    "seasonal": {
      "DJF": 0.014563971973236604,
      "MAM": 0.014840345537694623,
      "JJA": 0.014317431514776713,
      "SON": 0.014416341201725103
    }
  },
  "E3_HeteroNN_128_64": {
    "test_brier": 0.014570975732453719,
    "test_mae": 4.552194194306423,
    "best_epoch": 92,
    "seasonal": {
      "DJF": 0.014651288183085203,
      "MAM": 0.014876106376732076,
      "JJA": 0.014392541998685296,
      "SON": 0.01436316246717213
    }
  },
  "E4_DeepNN_256_128_64": {
    "test_brier": 0.014621204483532043,
    "test_mae": 4.631856544696502,
    "best_epoch": 79,
    "seasonal": {
      "DJF": 0.01457195847093347,
      "MAM": 0.014894021719744893,
      "JJA": 0.014576059491293956,
      "SON": 0.014439915582715845
    }
  },
  "E5_EnsembleNN": {
    "test_brier": 0.014583872667967065,
    "test_mae": 4.535954938735404,
    "seasonal": {
      "DJF": 0.014636920813679932,
      "MAM": 0.014838234409719651,
      "JJA": 0.014450070747057757,
      "SON": 0.014409328499318964
    }
  }
}