model,test_brier,test_mae,brier_DJF,brier_MAM,brier_JJA,brier_SON
E2_Ridge(a=100.0),0.014534711696441752,4.582945741242076,0.014563971973236604,0.014840345537694623,0.014317431514776713,0.014416341201725103
E3_HeteroNN_128_64,0.014570975732453719,4.552194194306423,0.014651288183085203,0.014876106376732076,0.014392541998685296,0.01436316246717213
E5_EnsembleNN,0.014583872667967065,4.535954938735404,0.014636920813679932,0.014838234409719651,0.014450070747057757,0.014409328499318964
E4_DeepNN_256_128_64,0.014621204483532043,4.631856544696502,0.01457195847093347,0.014894021719744893,0.014576059491293956,0.014439915582715845
E0_Persistence,0.014957532831007777,6.234717153284672,0.015005829781026873,0.015210069109271711,0.01472486580803441,0.01488950210604304
E1_Climatology,0.015199758885593896,7.997632733750436,0.015313774103502115,0.015397269724338497,0.014813597679538177,0.015277302392277944
