model,test_brier,test_mae,brier_DJF,brier_MAM,brier_JJA,brier_SON
E2_Ridge(a=100.0),0.014534711696441752,4.582945741242076,0.014563971973236604,0.014840345537694623,0.014317431514776713,0.014416341201725103
E5_EnsembleNN,0.014587156354403526,4.581974638100089,0.01456747856973551,0.014853220515940263,0.014509956323798928,0.014415750418534521
E4_DeepNN_256_128_64,0.014593010393240452,4.592950107233368,0.014586323607953143,0.01486645906656123,0.014496365914449479,0.01442090109332337
E3_HeteroNN_128_64,0.014594418840675952,4.712116439342499,0.014719651595568062,0.014890558198037656,0.014380007627575958,0.014387477286126526
E0_Persistence,0.014957532831007777,6.234717153284672,0.015005829781026873,0.015210069109271711,0.01472486580803441,0.01488950210604304
E1_Climatology,0.015199758885593896,7.997632733750436,0.015313774103502115,0.015397269724338497,0.014813597679538177,0.015277302392277944
