model,test_brier,test_mae,brier_DJF,brier_MAM,brier_JJA,brier_SON
E2_Ridge(a=100.0),0.014534711696441752,4.582945741242076,0.014563971973236604,0.014840345537694623,0.014317431514776713,0.014416341201725103
E4_DeepNN_256_128_64,0.01463363815553544,4.672709084757924,0.014630668670858755,0.014860565044421455,0.014598037636702843,0.01444315702810921
E5_EnsembleNN,0.014640817811162554,4.687905978947661,0.014627625712757018,0.014871701441807512,0.014557993076830257,0.014504227347007256
E3_HeteroNN_128_64,0.014658775250561288,4.903904591581247,0.014665481869290039,0.014883476436071989,0.014582584396053614,0.014501975451908074
E0_Persistence,0.014957532831007777,6.234717153284672,0.015005829781026873,0.015210069109271711,0.01472486580803441,0.01488950210604304
E1_Climatology,0.015199758885593896,7.997632733750436,0.015313774103502115,0.015397269724338497,0.014813597679538177,0.015277302392277944
