{
  "E0_Persistence": {
    "test_brier": 0.19196506471431765,
    "test_mae": 6.234717153284672,
    "sigma": 8.331854555551244,
    "seasonal": {
      "DJF": 0.19053584655908049,
      "MAM": 0.18712119217636183,
      "JJA": 0.18823291900595646,
      "SON": 0.20266006963523805
    }
  },
  "E1_Climatology": {
    "test_brier": 0.2060619543071331,
    "test_mae": 7.997632733750436,
    "seasonal": {
      "DJF": 0.2186718277224766,
      "MAM": 0.1930894942269073,
      "JJA": 0.19140179173068822,
      "SON": 0.22215969916952805
    }
  },
  "E2_Ridge(a=100.0)": {
    "test_brier": 0.1780989013442611,
    "test_mae": 4.582945741242076,
    "alpha": 100.0,
    "sigma": 5.7399586075969635,
    "seasonal": {
      "DJF": 0.17375165684244773,
      "MAM": 0.17437457340478496,
      "JJA": 0.17575790282130271,
      "SON": 0.18922475522233365
    }
  },
  "E3_HeteroNN_128_64": {
    "test_brier": 0.1770232418052107,
    "test_mae": 4.686919693285532,
    "best_epoch": 95,
    "seasonal": {
      "DJF": 0.17471120368148438,
      "MAM": 0.16995226508677055,
      "JJA": 0.1795928327573808,
      "SON": 0.18424110229613389
    }
  },
  "E4_DeepNN_256_128_64": {
    "test_brier": 0.178507486300835,
    "test_mae": 4.740119830604887,
    "best_epoch": 76,
    "seasonal": {
      "DJF": 0.1729491730367672,
      "MAM": 0.17048009016062504,
      "JJA": 0.18401211564010794,
      "SON": 0.18705026313130713
    }
  },
  "E5_EnsembleNN": {
    "test_brier": 0.17724473298326285,
    "test_mae": 4.6055029058978505,
    "seasonal": {
      "DJF": 0.17443638577734802,
      "MAM": 0.17108549403364504,
      "JJA": 0.17929339357146903,
      "SON": 0.18458526522541716
    }
  }
}