model,contract_brier,test_mae,brier_DJF,brier_MAM,brier_JJA,brier_SON
E3_HeteroNN_128_64,0.1770232418052107,4.686919693285532,0.17471120368148438,0.16995226508677055,0.1795928327573808,0.18424110229613389
E5_EnsembleNN,0.17724473298326285,4.6055029058978505,0.17443638577734802,0.17108549403364504,0.17929339357146903,0.18458526522541716
E2_Ridge(a=100.0),0.1780989013442611,4.582945741242076,0.17375165684244773,0.17437457340478496,0.17575790282130271,0.18922475522233365
E4_DeepNN_256_128_64,0.178507486300835,4.740119830604887,0.1729491730367672,0.17048009016062504,0.18401211564010794,0.18705026313130713
E0_Persistence,0.19196506471431765,6.234717153284672,0.19053584655908049,0.18712119217636183,0.18823291900595646,0.20266006963523805
E1_Climatology,0.2060619543071331,7.997632733750436,0.2186718277224766,0.1930894942269073,0.19140179173068822,0.22215969916952805
