{
  "E0_Persistence": {
    "test_brier": 0.014957532831007777,
    "test_mae": 6.234717153284672,
    "sigma": 8.331854555551244,
    "seasonal": {
      "DJF": 0.015005829781026873,
      "MAM": 0.015210069109271711,
      "JJA": 0.01472486580803441,
      "SON": 0.01488950210604304
    }
  },
  "E1_Climatology": {
    "test_brier": 0.015199758885593896,
    "test_mae": 7.997632733750436,
    "seasonal": {
      "DJF": 0.015313774103502115,
      "MAM": 0.015397269724338497,
      "JJA": 0.014813597679538177,
      "SON": 0.015277302392277944
    }
  },
  "E2_Ridge(a=100.0)": {
    "test_brier": 0.014534711696441752,
    "test_mae": 4.582945741242076,
    "alpha": 100.0,
    "sigma": 5.7399586075969635,
    "seasonal": {
      "DJF": 0.014563971973236604,
      "MAM": 0.014840345537694623,
      "JJA": 0.014317431514776713,
      "SON": 0.014416341201725103
    }
  },
  "E3_HeteroNN_128_64": {
    "test_brier": 0.014658775250561288,
    "test_mae": 4.903904591581247,
    "best_epoch": 75,
    "seasonal": {
      "DJF": 0.014665481869290039,
      "MAM": 0.014883476436071989,
      "JJA": 0.014582584396053614,
      "SON": 0.014501975451908074
    }
  },
  "E4_DeepNN_256_128_64": {
    "test_brier": 0.01463363815553544,
    "test_mae": 4.672709084757924,
    "best_epoch": 71,
    "seasonal": {
      "DJF": 0.014630668670858755,
      "MAM": 0.014860565044421455,
      "JJA": 0.014598037636702843,
      "SON": 0.01444315702810921
    }
  },
  "E5_EnsembleNN": {
    "test_brier": 0.014640817811162554,
    "test_mae": 4.687905978947661,
    "seasonal": {
      "DJF": 0.014627625712757018,
      "MAM": 0.014871701441807512,
      "JJA": 0.014557993076830257,
      "SON": 0.014504227347007256
    }
  }
}