{
  "DJF": 0.17375448373038735,
  "MAM": 0.1743754998545834,
  "JJA": 0.17575789955815985,
  "SON": 0.18922475522233365
}