{
  "DJF": 0.17375448373038732,
  "MAM": 0.17437549985458348,
  "JJA": 0.17575789955815982,
  "SON": 0.18922475522233362
}