{
  "DJF": 0.10510757186926857,
  "MAM": 0.10675435180780994,
  "JJA": 0.10218973099102324,
  "SON": 0.1002803037299736
}