{
  "E0_persistence": {
    "test_brier": 0.014957532831007777
  },
  "E1_climatology": {
    "test_brier": 0.015199758885593896
  },
  "E2_ridge": {
    "test_brier": 0.014534711696441752,
    "alpha": 100.0
  },
  "E3_nn_128_64": {
    "test_brier": 0.014621528045117061
  },
  "E4_deep_nn": {
    "test_brier": 0.014597171322780015
  },
  "E5_ensemble": {
    "test_brier": 0.014578369826973348
  },
  "U0_raw_gaussian": {
    "contract_brier": 0.18828949043307774,
    "is_brier": 0.17704210984533306,
    "oos_brier": 0.20728248981733122
  },
  "U1_isotonic": {
    "contract_brier": 0.14410014371129232,
    "is_brier": 0.14547876023616654,
    "oos_brier": 0.14177212941464906
  },
  "U2_contract_ridge": {
    "contract_brier": 0.11810109151345531,
    "is_brier": 0.1264337619344933,
    "oos_brier": 0.1040300459983417
  },
  "U3_contract_mlp": {
    "contract_brier": 0.11448860682705492,
    "is_brier": 0.11801883507611925,
    "oos_brier": 0.10852725231987204
  },
  "U4_platt_on_u3": {
    "contract_brier": 0.11523585306901632,
    "is_brier": 0.11883738933508856,
    "oos_brier": 0.10915408358053556
  },
  "U5_regime_conditional": {
    "contract_brier": 0.11475858014850862,
    "is_brier": 0.11627934427142039,
    "oos_brier": 0.11219052691827204
  },
  "U6_calibrated_ensemble": {
    "contract_brier": 0.11638909910564459,
    "is_brier": 0.11909938957061518,
    "oos_brier": 0.11181234056789013
  },
  "U7_extended_mlp": {
    "contract_brier": 0.10913273710448786,
    "is_brier": 0.11149284315343819,
    "oos_brier": 0.10514732091048716
  },
  "U8_cv_ensemble": {
    "contract_brier": 0.1094323745446263,
    "is_brier": 0.11241844546273407,
    "oos_brier": 0.10438991664373917
  },
  "U9_kitchen_sink": {
    "contract_brier": 0.10992691021359875,
    "is_brier": 0.11296168509706636,
    "oos_brier": 0.10480220788460909
  },
  "Kalshi_PreSettlement": {
    "contract_brier": 0.12530385352760737
  }
}