{
  "E0_persistence": {
    "test_brier": 0.014957532831007777
  },
  "E1_climatology": {
    "test_brier": 0.015199758885593896
  },
  "E2_ridge": {
    "test_brier": 0.014534711696441752,
    "alpha": 100.0
  },
  "E3_nn_128_64": {
    "test_brier": 0.014650442919908316
  },
  "E4_deep_nn": {
    "test_brier": 0.014614794905671621
  },
  "E5_ensemble": {
    "test_brier": 0.014592553437647104
  },
  "U0_raw_gaussian": {
    "contract_brier": 0.18358157570699146,
    "is_brier": 0.17047435541950479,
    "oos_brier": 0.20745448000884087
  },
  "U1_isotonic": {
    "contract_brier": 0.13873657460087632,
    "is_brier": 0.13733195785624755,
    "oos_brier": 0.1412948806634754
  },
  "U2_contract_ridge": {
    "contract_brier": 0.020321800108567874,
    "is_brier": 0.0305976896272845,
    "oos_brier": 0.0016057549276610001
  },
  "U3_contract_mlp": {
    "contract_brier": 0.015508084231865846,
    "is_brier": 0.022286930409944214,
    "oos_brier": 0.003161397250437693
  },
  "U4_platt_on_u3": {
    "contract_brier": 0.015351022830904504,
    "is_brier": 0.021589135627690638,
    "oos_brier": 0.003989203424848437
  },
  "U5_regime_conditional": {
    "contract_brier": 0.015803715392584978,
    "is_brier": 0.022679573750802838,
    "oos_brier": 0.00328033476889043
  },
  "U6_calibrated_ensemble": {
    "contract_brier": 0.030208192919545133,
    "is_brier": 0.035273425106161715,
    "oos_brier": 0.020982605754188026
  }
}