{
  "E0_persistence": {
    "test_brier": 0.014957532831007777
  },
  "E1_climatology": {
    "test_brier": 0.015199758885593896
  },
  "E2_ridge": {
    "test_brier": 0.014534711696441752,
    "alpha": 100.0
  },
  "E3_nn_128_64": {
    "test_brier": 0.014663063730902362
  },
  "E4_deep_nn": {
    "test_brier": 0.014661828708617701
  },
  "E5_ensemble": {
    "test_brier": 0.014610607868229205
  },
  "U0_raw_gaussian": {
    "contract_brier": 0.18851225934821525,
    "is_brier": 0.17734230408115623,
    "oos_brier": 0.20737451370640364
  },
  "U1_isotonic": {
    "contract_brier": 0.14397894256518187,
    "is_brier": 0.14556943740613526,
    "oos_brier": 0.14129313787499462
  },
  "U2_contract_ridge": {
    "contract_brier": 0.1181449687837333,
    "is_brier": 0.1262267237230841,
    "oos_brier": 0.10449763415419042
  },
  "U3_contract_mlp": {
    "contract_brier": 0.11432519752624733,
    "is_brier": 0.11900299090543157,
    "oos_brier": 0.10642599592304755
  },
  "U4_platt_on_u3": {
    "contract_brier": 0.11544898706443543,
    "is_brier": 0.12040546523498565,
    "oos_brier": 0.10707918165890835
  },
  "U5_regime_conditional": {
    "contract_brier": 0.1146911788179348,
    "is_brier": 0.11688908956398032,
    "oos_brier": 0.11097965531069501
  },
  "U6_calibrated_ensemble": {
    "contract_brier": 0.11713337452256525,
    "is_brier": 0.12055157143377479,
    "oos_brier": 0.11136120283126504
  },
  "U7_extended_mlp": {
    "contract_brier": 0.10961924725839402,
    "is_brier": 0.11246467994747952,
    "oos_brier": 0.10481427948033005
  },
  "U8_cv_ensemble": {
    "contract_brier": 0.10867714282994935,
    "is_brier": 0.11160009773920514,
    "oos_brier": 0.10374126639555661
  },
  "U9_kitchen_sink": {
    "contract_brier": 0.10970706236722808,
    "is_brier": 0.11272696324387342,
    "oos_brier": 0.10460747717553211
  },
  "Kalshi_PreSettlement": {
    "contract_brier": 0.12530385352760737
  }
}