{
  "total_pnl": -92.28242154302836,
  "initial_bankroll": 1000.0,
  "final_bankroll": 907.7175784569716,
  "return_pct": -9.228242154302837,
  "n_trades": 154,
  "win_rate": 0.43506493506493504,
  "n_trading_days": 17,
  "avg_pnl_per_trade": -0.5992365035261612,
  "median_pnl_per_trade": -0.5920000000000001,
  "avg_ev_traded": 0.06271163745748326,
  "max_drawdown": -92.28242154302836,
  "max_drawdown_pct": -9.228242154302837,
  "busted": false,
  "bust_date": null,
  "sharpe_ratio": -19.46673012791543,
  "daily_pnl_mean": -5.428377737825223,
  "daily_pnl_std": 4.426671790002221,
  "model_brier": 0.019718396187145944,
  "market_brier": 0.01726313676557353,
  "brier_edge": -0.0024552594215724137,
  "seasonal": {
    "DJF": {
      "n_trades": 154,
      "pnl": -92.28242154302882,
      "win_rate": 0.43506493506493504,
      "avg_ev": 0.06271163745748326
    },
    "MAM": {
      "n_trades": 0,
      "pnl": 0.0,
      "win_rate": 0.0
    },
    "JJA": {
      "n_trades": 0,
      "pnl": 0.0,
      "win_rate": 0.0
    },
    "SON": {
      "n_trades": 0,
      "pnl": 0.0,
      "win_rate": 0.0
    }
  }
}