{
  "total_pnl": -21.994186472260367,
  "initial_bankroll": 1000.0,
  "final_bankroll": 978.0058135277396,
  "return_pct": -2.1994186472260364,
  "n_trades": 296,
  "win_rate": 0.625,
  "n_trading_days": 110,
  "avg_pnl_per_trade": -0.07430468402790731,
  "median_pnl_per_trade": 0.3472716805708753,
  "avg_ev_traded": 0.1372834490745558,
  "max_drawdown": -72.3958477650873,
  "max_drawdown_pct": -6.892206137220214,
  "sharpe_ratio": -1.5672618732411523,
  "daily_pnl_mean": -0.1999471497478233,
  "daily_pnl_std": 2.0252279824618693,
  "model_brier": 0.021149670958651955,
  "market_brier": 0.020678011632871453,
  "brier_edge": -0.00047165932578050254,
  "seasonal": {
    "DJF": {
      "n_trades": 84,
      "pnl": -61.53643790255412,
      "win_rate": 0.5238095238095238,
      "avg_ev": 0.1320280945458572
    },
    "MAM": {
      "n_trades": 0,
      "pnl": 0.0,
      "win_rate": 0.0
    },
    "JJA": {
      "n_trades": 18,
      "pnl": 8.58462822246075,
      "win_rate": 0.6666666666666666,
      "avg_ev": 0.15538006583272432
    },
    "SON": {
      "n_trades": 194,
      "pnl": 30.95762320783281,
      "win_rate": 0.6649484536082474,
      "avg_ev": 0.13787989587230653
    }
  }
}