variant,model_brier,market_brier,brier_edge,total_pnl,return_pct,sharpe_ratio,win_rate,n_trades,max_drawdown,max_drawdown_pct,avg_pnl_per_trade,avg_ev_traded
U3_mlp,0.11627633333538534,0.10804695407685098,-0.008229379258534356,-131.54999999999905,-13.154999999999905,-1.8265639106485294,0.42886178861788615,492,-175.9499999999989,-17.02796864414971,-0.26737804878048793,0.09465494077551809
U5_regime,0.11193771104054327,0.10804695407685098,-0.003890756963692288,32.50000000000023,3.250000000000023,0.4640577238273555,0.5080971659919028,494,-71.69999999999914,-6.592800331019183,0.06578947368421045,0.08595859874060187
U7_extended,0.10916908821043252,0.10804695407685098,-0.0011221341335815316,4.499999999999659,0.44999999999996587,0.06602783025693747,0.5145888594164456,377,-89.15000000000066,-8.196947407135035,0.011936339522546382,0.06817096463627556
U8_cv,0.10873166678116457,0.10804695407685098,-0.0006847127043135837,16.400000000001796,1.6400000000001795,0.2853299968056738,0.44223107569721115,251,-67.94999999999948,-6.359977536503127,0.06533864541832654,0.05728390366491137
U9_kitchen,0.10621500872432499,0.10804695407685098,0.001831945352525996,145.85000000000036,14.585000000000036,2.3310532471016505,0.6398104265402843,422,-46.00000000000023,-4.100187182458347,0.34561611374407575,0.0696956641285427
