{
  "market_brier": 0.10992065054368202,
  "variants": {
    "U3_mlp": {
      "total_pnl": 28.150000000000773,
      "initial_bankroll": 1000.0,
      "final_bankroll": 1028.1500000000008,
      "return_pct": 2.815000000000077,
      "n_trades": 956,
      "win_rate": 0.3776150627615063,
      "n_trading_days": 451,
      "avg_pnl_per_trade": 0.029445606694560134,
      "median_pnl_per_trade": -0.675,
      "avg_ev_traded": 0.08441979406220715,
      "max_drawdown": -149.84999999999945,
      "max_drawdown_pct": -12.817003806183932,
      "sharpe_ratio": 0.16579116833974675,
      "daily_pnl_mean": 0.062416851441240595,
      "daily_pnl_std": 5.976414842367533,
      "model_brier": 0.11269222457328185,
      "market_brier": 0.10992065054368202,
      "brier_edge": -0.0027715740295998215,
      "seasonal": {
        "DJF": {
          "n_trades": 378,
          "pnl": -74.45000000000014,
          "win_rate": 0.3253968253968254,
          "avg_ev": 0.09071004770125031
        },
        "MAM": {
          "n_trades": 207,
          "pnl": -38.200000000000095,
          "win_rate": 0.357487922705314,
          "avg_ev": 0.07535366495731016
        },
        "JJA": {
          "n_trades": 150,
          "pnl": 211.5999999999999,
          "win_rate": 0.6,
          "avg_ev": 0.07194060369442655
        },
        "SON": {
          "n_trades": 221,
          "pnl": -70.8000000000001,
          "win_rate": 0.334841628959276,
          "avg_ev": 0.09062274159307798
        }
      }
    },
    "U5_regime": {
      "total_pnl": 48.400000000001455,
      "initial_bankroll": 1000.0,
      "final_bankroll": 1048.4000000000015,
      "return_pct": 4.8400000000001455,
      "n_trades": 568,
      "win_rate": 0.3257042253521127,
      "n_trading_days": 451,
      "avg_pnl_per_trade": 0.08521126760563343,
      "median_pnl_per_trade": -0.5,
      "avg_ev_traded": 0.06064834741177356,
      "max_drawdown": -116.14999999999918,
      "max_drawdown_pct": -10.920972215692656,
      "sharpe_ratio": 0.3901048263202323,
      "daily_pnl_mean": 0.10731707317073126,
      "daily_pnl_std": 4.367046002266046,
      "model_brier": 0.1107316049072749,
      "market_brier": 0.10992065054368202,
      "brier_edge": -0.0008109543635928806,
      "seasonal": {
        "DJF": {
          "n_trades": 246,
          "pnl": -1.9500000000001156,
          "win_rate": 0.33739837398373984,
          "avg_ev": 0.06741309272410531
        },
        "MAM": {
          "n_trades": 126,
          "pnl": -38.200000000000024,
          "win_rate": 0.2857142857142857,
          "avg_ev": 0.057645325436200816
        },
        "JJA": {
          "n_trades": 70,
          "pnl": 52.999999999999964,
          "win_rate": 0.4,
          "avg_ev": 0.048799375249430885
        },
        "SON": {
          "n_trades": 126,
          "pnl": 35.54999999999997,
          "win_rate": 0.30158730158730157,
          "avg_ev": 0.057026771804254014
        }
      }
    },
    "U7_extended": {
      "total_pnl": -91.74999999999841,
      "initial_bankroll": 1000.0,
      "final_bankroll": 908.2500000000016,
      "return_pct": -9.17499999999984,
      "n_trades": 693,
      "win_rate": 0.354978354978355,
      "n_trading_days": 451,
      "avg_pnl_per_trade": -0.13239538239538287,
      "median_pnl_per_trade": -0.9000000000000001,
      "avg_ev_traded": 0.07370555359537584,
      "max_drawdown": -173.1499999999985,
      "max_drawdown_pct": -16.25592639534324,
      "sharpe_ratio": -0.603173978540146,
      "daily_pnl_mean": -0.20343680709534434,
      "daily_pnl_std": 5.354108946085551,
      "model_brier": 0.11120027150333439,
      "market_brier": 0.10992065054368202,
      "brier_edge": -0.0012796209596523667,
      "seasonal": {
        "DJF": {
          "n_trades": 303,
          "pnl": -110.00000000000011,
          "win_rate": 0.31683168316831684,
          "avg_ev": 0.08252515416091533
        },
        "MAM": {
          "n_trades": 154,
          "pnl": -19.150000000000063,
          "win_rate": 0.37662337662337664,
          "avg_ev": 0.06907158720112637
        },
        "JJA": {
          "n_trades": 97,
          "pnl": 55.74999999999994,
          "win_rate": 0.44329896907216493,
          "avg_ev": 0.054640635189235516
        },
        "SON": {
          "n_trades": 139,
          "pnl": -18.35000000000004,
          "win_rate": 0.35251798561151076,
          "avg_ev": 0.07291842365833676
        }
      }
    },
    "U8_cv": {
      "total_pnl": 97.60000000000105,
      "initial_bankroll": 1000.0,
      "final_bankroll": 1097.600000000001,
      "return_pct": 9.760000000000105,
      "n_trades": 536,
      "win_rate": 0.34328358208955223,
      "n_trading_days": 451,
      "avg_pnl_per_trade": 0.1820895522388055,
      "median_pnl_per_trade": -0.9000000000000001,
      "avg_ev_traded": 0.06566859314952807,
      "max_drawdown": -109.74999999999943,
      "max_drawdown_pct": -10.443429441431102,
      "sharpe_ratio": 0.7023380374812137,
      "daily_pnl_mean": 0.2164079822616403,
      "daily_pnl_std": 4.891334419365483,
      "model_brier": 0.11012257267220744,
      "market_brier": 0.10992065054368202,
      "brier_edge": -0.00020192212852541969,
      "seasonal": {
        "DJF": {
          "n_trades": 237,
          "pnl": -78.5500000000001,
          "win_rate": 0.2742616033755274,
          "avg_ev": 0.07419101662292922
        },
        "MAM": {
          "n_trades": 122,
          "pnl": 66.54999999999993,
          "win_rate": 0.4098360655737705,
          "avg_ev": 0.06066152039749425
        },
        "JJA": {
          "n_trades": 65,
          "pnl": 82.14999999999996,
          "win_rate": 0.47692307692307695,
          "avg_ev": 0.051454953701258584
        },
        "SON": {
          "n_trades": 112,
          "pnl": 27.449999999999957,
          "win_rate": 0.3392857142857143,
          "avg_ev": 0.0613376563342563
        }
      }
    },
    "U9_kitchen": {
      "total_pnl": 339.6000000000031,
      "initial_bankroll": 1000.0,
      "final_bankroll": 1339.600000000003,
      "return_pct": 33.960000000000306,
      "n_trades": 496,
      "win_rate": 0.46169354838709675,
      "n_trading_days": 451,
      "avg_pnl_per_trade": 0.6846774193548381,
      "median_pnl_per_trade": -0.7000000000000001,
      "avg_ev_traded": 0.06892435931878772,
      "max_drawdown": -118.24999999999943,
      "max_drawdown_pct": -10.85609364241445,
      "sharpe_ratio": 2.7577361678582553,
      "daily_pnl_mean": 0.7529933481152986,
      "daily_pnl_std": 4.334496884550486,
      "model_brier": 0.10601204888355323,
      "market_brier": 0.10992065054368202,
      "brier_edge": 0.0039086016601287965,
      "seasonal": {
        "DJF": {
          "n_trades": 207,
          "pnl": 8.749999999999886,
          "win_rate": 0.40096618357487923,
          "avg_ev": 0.08564013877197034
        },
        "MAM": {
          "n_trades": 98,
          "pnl": 127.24999999999993,
          "win_rate": 0.5204081632653061,
          "avg_ev": 0.058344172071313975
        },
        "JJA": {
          "n_trades": 95,
          "pnl": 174.2499999999999,
          "win_rate": 0.6,
          "avg_ev": 0.05310112361058099
        },
        "SON": {
          "n_trades": 96,
          "pnl": 29.349999999999948,
          "win_rate": 0.3958333333333333,
          "avg_ev": 0.059339978024238356
        }
      }
    }
  }
}