{
  "market_brier": 0.10804695407685098,
  "variants": {
    "U3_mlp": {
      "total_pnl": -175.25000000000023,
      "initial_bankroll": 1000.0,
      "final_bankroll": 824.7499999999998,
      "return_pct": -17.525000000000023,
      "n_trades": 395,
      "win_rate": 0.3240506329113924,
      "n_trading_days": 178,
      "avg_pnl_per_trade": -0.4436708860759498,
      "median_pnl_per_trade": -0.8,
      "avg_ev_traded": 0.09077364217826304,
      "max_drawdown": -200.10000000000025,
      "max_drawdown_pct": -19.707490028069163,
      "busted": false,
      "bust_date": null,
      "sharpe_ratio": -2.7565261433320196,
      "daily_pnl_mean": -0.9845505617977538,
      "daily_pnl_std": 5.669910178766695,
      "model_brier": 0.11627633333538534,
      "market_brier": 0.10804695407685098,
      "brier_edge": -0.008229379258534356,
      "seasonal": {
        "DJF": {
          "n_trades": 183,
          "pnl": -87.55000000000007,
          "win_rate": 0.3005464480874317,
          "avg_ev": 0.0894062828089272
        },
        "MAM": {
          "n_trades": 0,
          "pnl": 0.0,
          "win_rate": 0.0,
          "avg_ev": 0.0
        },
        "JJA": {
          "n_trades": 17,
          "pnl": 9.899999999999993,
          "win_rate": 0.5882352941176471,
          "avg_ev": 0.0611072790992542
        },
        "SON": {
          "n_trades": 195,
          "pnl": -97.60000000000008,
          "win_rate": 0.3230769230769231,
          "avg_ev": 0.09464315467534823
        }
      }
    },
    "U5_regime": {
      "total_pnl": -62.59999999999957,
      "initial_bankroll": 1000.0,
      "final_bankroll": 937.4000000000004,
      "return_pct": -6.259999999999957,
      "n_trades": 359,
      "win_rate": 0.34818941504178275,
      "n_trading_days": 178,
      "avg_pnl_per_trade": -0.17437325905292517,
      "median_pnl_per_trade": -0.55,
      "avg_ev_traded": 0.0865012501721616,
      "max_drawdown": -88.94999999999982,
      "max_drawdown_pct": -8.709914320685415,
      "busted": false,
      "bust_date": null,
      "sharpe_ratio": -1.061558812962023,
      "daily_pnl_mean": -0.3516853932584278,
      "daily_pnl_std": 5.259089250266752,
      "model_brier": 0.11193771104054327,
      "market_brier": 0.10804695407685098,
      "brier_edge": -0.003890756963692288,
      "seasonal": {
        "DJF": {
          "n_trades": 171,
          "pnl": -56.80000000000007,
          "win_rate": 0.3333333333333333,
          "avg_ev": 0.08265694812188028
        },
        "MAM": {
          "n_trades": 0,
          "pnl": 0.0,
          "win_rate": 0.0,
          "avg_ev": 0.0
        },
        "JJA": {
          "n_trades": 13,
          "pnl": 17.69999999999999,
          "win_rate": 0.5384615384615384,
          "avg_ev": 0.03987148157127251
        },
        "SON": {
          "n_trades": 175,
          "pnl": -23.500000000000064,
          "win_rate": 0.3485714285714286,
          "avg_ev": 0.09372160812878824
        }
      }
    },
    "U7_extended": {
      "total_pnl": -12.399999999999068,
      "initial_bankroll": 1000.0,
      "final_bankroll": 987.6000000000009,
      "return_pct": -1.2399999999999067,
      "n_trades": 257,
      "win_rate": 0.35797665369649806,
      "n_trading_days": 178,
      "avg_pnl_per_trade": -0.048249027237354525,
      "median_pnl_per_trade": -0.65,
      "avg_ev_traded": 0.06698018356757607,
      "max_drawdown": -66.14999999999918,
      "max_drawdown_pct": -6.341673856773003,
      "busted": false,
      "bust_date": null,
      "sharpe_ratio": -0.22539404732682966,
      "daily_pnl_mean": -0.06966292134831517,
      "daily_pnl_std": 4.906361130894565,
      "model_brier": 0.10916908821043252,
      "market_brier": 0.10804695407685098,
      "brier_edge": -0.0011221341335815316,
      "seasonal": {
        "DJF": {
          "n_trades": 141,
          "pnl": -30.20000000000006,
          "win_rate": 0.3404255319148936,
          "avg_ev": 0.06829259098546916
        },
        "MAM": {
          "n_trades": 0,
          "pnl": 0.0,
          "win_rate": 0.0,
          "avg_ev": 0.0
        },
        "JJA": {
          "n_trades": 10,
          "pnl": -6.350000000000007,
          "win_rate": 0.5,
          "avg_ev": 0.03538770494719633
        },
        "SON": {
          "n_trades": 106,
          "pnl": 24.14999999999995,
          "win_rate": 0.36792452830188677,
          "avg_ev": 0.06821485658909372
        }
      }
    },
    "U8_cv": {
      "total_pnl": -25.59999999999991,
      "initial_bankroll": 1000.0,
      "final_bankroll": 974.4000000000001,
      "return_pct": -2.5599999999999907,
      "n_trades": 181,
      "win_rate": 0.2983425414364641,
      "n_trading_days": 178,
      "avg_pnl_per_trade": -0.14143646408839808,
      "median_pnl_per_trade": -0.8,
      "avg_ev_traded": 0.05520634334702073,
      "max_drawdown": -62.19999999999993,
      "max_drawdown_pct": -6.054411836277796,
      "busted": false,
      "bust_date": null,
      "sharpe_ratio": -0.5612517309896711,
      "daily_pnl_mean": -0.14382022471910152,
      "daily_pnl_std": 4.067827612082713,
      "model_brier": 0.10873166678116457,
      "market_brier": 0.10804695407685098,
      "brier_edge": -0.0006847127043135837,
      "seasonal": {
        "DJF": {
          "n_trades": 100,
          "pnl": -45.65000000000004,
          "win_rate": 0.27,
          "avg_ev": 0.05687179411058854
        },
        "MAM": {
          "n_trades": 0,
          "pnl": 0.0,
          "win_rate": 0.0,
          "avg_ev": 0.0
        },
        "JJA": {
          "n_trades": 5,
          "pnl": -13.850000000000001,
          "win_rate": 0.2,
          "avg_ev": 0.0393860558663909
        },
        "SON": {
          "n_trades": 76,
          "pnl": 33.89999999999996,
          "win_rate": 0.34210526315789475,
          "avg_ev": 0.05405576915026239
        }
      }
    },
    "U9_kitchen": {
      "total_pnl": 8.750000000000796,
      "initial_bankroll": 1000.0,
      "final_bankroll": 1008.7500000000008,
      "return_pct": 0.8750000000000795,
      "n_trades": 244,
      "win_rate": 0.4344262295081967,
      "n_trading_days": 178,
      "avg_pnl_per_trade": 0.03586065573770429,
      "median_pnl_per_trade": -0.65,
      "avg_ev_traded": 0.06960771724255668,
      "max_drawdown": -49.5,
      "max_drawdown_pct": -4.777300583892291,
      "busted": false,
      "bust_date": null,
      "sharpe_ratio": 0.18420049457376822,
      "daily_pnl_mean": 0.04915730337078572,
      "daily_pnl_std": 4.236405558278372,
      "model_brier": 0.10621500872432499,
      "market_brier": 0.10804695407685098,
      "brier_edge": 0.001831945352525996,
      "seasonal": {
        "DJF": {
          "n_trades": 114,
          "pnl": -19.050000000000054,
          "win_rate": 0.38596491228070173,
          "avg_ev": 0.08203963455040232
        },
        "MAM": {
          "n_trades": 0,
          "pnl": 0.0,
          "win_rate": 0.0,
          "avg_ev": 0.0
        },
        "JJA": {
          "n_trades": 17,
          "pnl": -9.400000000000015,
          "win_rate": 0.6470588235294118,
          "avg_ev": 0.05694108919441636
        },
        "SON": {
          "n_trades": 113,
          "pnl": 37.19999999999993,
          "win_rate": 0.45132743362831856,
          "avg_ev": 0.058971381877282174
        }
      }
    }
  }
}