variant,model_brier,market_brier,brier_edge,total_pnl,return_pct,sharpe_ratio,win_rate,n_trades,max_drawdown,max_drawdown_pct,avg_pnl_per_trade,avg_ev_traded
U3_mlp,0.11627633333538534,0.10804695407685098,-0.008229379258534356,-175.25000000000023,-17.525000000000023,-2.7565261433320196,0.3240506329113924,395,-200.10000000000025,-19.707490028069163,-0.4436708860759498,0.09077364217826304
U5_regime,0.11193771104054327,0.10804695407685098,-0.003890756963692288,-62.59999999999957,-6.259999999999957,-1.061558812962023,0.34818941504178275,359,-88.94999999999982,-8.709914320685415,-0.17437325905292517,0.0865012501721616
U7_extended,0.10916908821043252,0.10804695407685098,-0.0011221341335815316,-12.399999999999068,-1.2399999999999067,-0.22539404732682966,0.35797665369649806,257,-66.14999999999918,-6.341673856773003,-0.048249027237354525,0.06698018356757607
U8_cv,0.10873166678116457,0.10804695407685098,-0.0006847127043135837,-25.59999999999991,-2.5599999999999907,-0.5612517309896711,0.2983425414364641,181,-62.19999999999993,-6.054411836277796,-0.14143646408839808,0.05520634334702073
U9_kitchen,0.10621500872432499,0.10804695407685098,0.001831945352525996,8.750000000000796,0.8750000000000795,0.18420049457376822,0.4344262295081967,244,-49.5,-4.777300583892291,0.03586065573770429,0.06960771724255668
