{
  "city": "Atlanta",
  "ticker": "KXHIGHTATL",
  "evaluation_unit": "listed_contract_rows",
  "contract_granularity": "day-specific Kalshi pre-settlement rows (typically 2F increments)",
  "n_total_rows": 192,
  "n_total_dates": 12,
  "n_test_rows": 48,
  "n_test_dates": 3,
  "n_buckets": 57,
  "methods": {
    "1_raw_uncalibrated": {
      "brier": 0.21161586018276282,
      "ece": 0.15648654501254441
    },
    "2_isotonic": {
      "brier": 0.2445754279650274,
      "ece": 0.14638654721377178
    },
    "3_platt_scaling": {
      "brier": 0.19042540549856493,
      "ece": 0.05439946488363337
    },
    "4_seasonal_regime": {
      "brier": 0.2445754279650274,
      "ece": 0.14638654721377178
    }
  },
  "best_method": "3_platt_scaling",
  "best_brier": 0.19042540549856493
}