{
  "best_method": "2_isotonic",
  "best_brier": 0.01658185961938203,
  "best_ece": 0.0001935091354459053,
  "methods": {
    "1_raw_uncalibrated": {
      "brier": 0.022192452378805166,
      "ece": 0.023041609625553693
    },
    "2_isotonic": {
      "brier": 0.01658185961938203,
      "ece": 0.0001935091354459053
    },
    "3_platt_scaling": {
      "brier": 0.018462379463589033,
      "ece": 0.0127350489602361
    },
    "4_seasonal_regime": {
      "brier": 0.017898873320294648,
      "ece": 0.01128336112739073
    }
  }
}