{
  "sigma_by_month": {
    "1": 2.544690488732558,
    "2": 3.8242632005596295,
    "3": 3.5431900199816377,
    "4": 3.011236008494355,
    "5": 2.9077219409517743,
    "6": 2.461136340437249,
    "7": 2.3569904109155653,
    "8": 2.1586366141018662,
    "9": 2.306333034320868,
    "10": 2.533508951704921,
    "11": 2.8465737725552773,
    "12": 3.3323964760137956
  },
  "monthly_scale": {
    "1": 0.807971024927503,
    "2": 1.1185749448619315,
    "3": 0.9498262142481103,
    "4": 0.8845219326296445,
    "5": 0.9449137091043133,
    "6": 0.9618655615472406,
    "7": 0.9493744942348936,
    "8": 0.8990835169168176,
    "9": 0.9884040963368514,
    "10": 0.9804254259832109,
    "11": 1.059655635017728,
    "12": 1.06717426820659
  },
  "regime_thresholds": {
    "spread_high": 3.0,
    "consensus_high": 0.26126208553638364,
    "dod_high": 6.2940327256917925
  }
}