period,season,model_brier,enhanced_brier,naive_brier,n
IS,Winter,0.18088324340940806,0.19124669006262598,0.19515185723002829,1077
IS,Spring,0.18352690665071422,0.18676793721232762,0.18754806207267113,1104
IS,Summer,0.16743480495314061,0.17345683081982793,0.17669772620915689,1104
IS,Fall,0.17625557644351306,0.1822307758497399,0.1908832771172886,1092
OOS,Winter,0.16435824302440488,0.1724887852399956,0.17327262704526988,515
OOS,Spring,0.20177790855946262,0.20682762702307272,0.2066114501217418,552
OOS,Summer,0.17158359537032433,0.18345215200712725,0.18879204711394917,552
OOS,Fall,0.181799535914836,0.18946653545969439,0.19785453012446744,546
