{
  "spread_high": 3.0,
  "consensus_high": 0.39658694449815346,
  "dod_high": 6.353020113706592
}