{
  "overall": {
    "ks_statistic": 0.10255513342737149,
    "p_value": 4.099670342633718e-10,
    "is_uniform": false,
    "mean": 0.5542245257902414,
    "std": 0.26859748389476257,
    "n": 1055
  },
  "by_season": {
    "Winter": {
      "ks_statistic": 0.04902168247502381,
      "p_value": 0.5432510916612352,
      "is_uniform": true,
      "mean": 0.5063040920849,
      "n": 260
    },
    "Spring": {
      "ks_statistic": 0.11007246752352046,
      "p_value": 0.0022854538553478054,
      "is_uniform": false,
      "mean": 0.5670567405085365,
      "n": 276
    },
    "Summer": {
      "ks_statistic": 0.16538913217336015,
      "p_value": 4.5727392660489796e-07,
      "is_uniform": false,
      "mean": 0.5731928733297258,
      "n": 276
    },
    "Fall": {
      "ks_statistic": 0.162180882972411,
      "p_value": 4.724163156238097e-06,
      "is_uniform": false,
      "mean": 0.5693782606883547,
      "n": 243
    }
  },
  "mean_crps": 4.01720758569867
}