{
  "overall": {
    "n": 1055,
    "bias": 1.3131771913716677,
    "mae": 5.551741883825144,
    "rmse": 7.36757862656428
  },
  "by_season": {
    "Winter": {
      "n": 260,
      "bias": -0.2455136919526258,
      "mae": 6.122686827838733,
      "rmse": 8.162902983001317
    },
    "Spring": {
      "n": 276,
      "bias": 2.2267016308063488,
      "mae": 6.764800117919771,
      "rmse": 8.803848810551237
    },
    "Summer": {
      "n": 276,
      "bias": 1.530291520332716,
      "mae": 4.678643162225685,
      "rmse": 5.8509880374217005
    },
    "Fall": {
      "n": 243,
      "bias": 1.6967299880263802,
      "mae": 4.554727435709098,
      "rmse": 6.119981641007638
    }
  },
  "by_regime": {
    "cold": {
      "n": 352,
      "bias": 0.744120686315751,
      "mae": 6.087976831729595,
      "rmse": 8.2159824206062,
      "mu_range": [
        13.589349746704102,
        51.07262420654297
      ]
    },
    "normal": {
      "n": 351,
      "bias": 2.3378475334265643,
      "mae": 5.886653504040196,
      "rmse": 7.768728850654076,
      "mu_range": [
        51.18593215942383,
        75.34613037109375
      ]
    },
    "hot": {
      "n": 352,
      "bias": 0.8604743496626164,
      "mae": 4.6815467691721615,
      "rmse": 5.916534388911455,
      "mu_range": [
        75.39837177092166,
        102.90352630615234
      ]
    }
  }
}