{
  "chi": {
    "E0_persistence": {
      "test_brier": 0.014957532831007777
    },
    "E1_climatology": {
      "test_brier": 0.015199758885593896
    },
    "E2_ridge": {
      "test_brier": 0.014534711696441752,
      "alpha": 100.0
    },
    "E3_nn_128_64": {
      "test_brier": 0.014621528045117061
    },
    "E4_deep_nn": {
      "test_brier": 0.014597171322780015
    },
    "E5_ensemble": {
      "test_brier": 0.014578369826973348
    },
    "U0_raw_gaussian": {
      "contract_brier": 0.18828949043307774,
      "is_brier": 0.17704210984533306,
      "oos_brier": 0.20728248981733122
    },
    "U1_isotonic": {
      "contract_brier": 0.14410014371129232,
      "is_brier": 0.14547876023616654,
      "oos_brier": 0.14177212941464906
    },
    "U2_contract_ridge": {
      "contract_brier": 0.11810109151345531,
      "is_brier": 0.1264337619344933,
      "oos_brier": 0.1040300459983417
    },
    "U3_contract_mlp": {
      "contract_brier": 0.11448860682705492,
      "is_brier": 0.11801883507611925,
      "oos_brier": 0.10852725231987204
    },
    "U4_platt_on_u3": {
      "contract_brier": 0.11523585306901632,
      "is_brier": 0.11883738933508856,
      "oos_brier": 0.10915408358053556
    },
    "U5_regime_conditional": {
      "contract_brier": 0.11475858014850862,
      "is_brier": 0.11627934427142039,
      "oos_brier": 0.11219052691827204
    },
    "U6_calibrated_ensemble": {
      "contract_brier": 0.11638909910564459,
      "is_brier": 0.11909938957061518,
      "oos_brier": 0.11181234056789013
    },
    "U7_extended_mlp": {
      "contract_brier": 0.10913273710448786,
      "is_brier": 0.11149284315343819,
      "oos_brier": 0.10514732091048716
    },
    "U8_cv_ensemble": {
      "contract_brier": 0.1094323745446263,
      "is_brier": 0.11241844546273407,
      "oos_brier": 0.10438991664373917
    },
    "U9_kitchen_sink": {
      "contract_brier": 0.10992691021359875,
      "is_brier": 0.11296168509706636,
      "oos_brier": 0.10480220788460909
    },
    "Kalshi_PreSettlement": {
      "contract_brier": 0.12530385352760737
    }
  },
  "phl": {
    "E0_persistence": {
      "test_brier": 0.016137593570896353
    },
    "E1_climatology": {
      "test_brier": 0.016297849519442204
    },
    "E2_ridge": {
      "test_brier": 0.015742000265420927,
      "alpha": 100.0
    },
    "E3_nn_128_64": {
      "test_brier": 0.015862480728584417
    },
    "E4_deep_nn": {
      "test_brier": 0.01603507077394532
    },
    "E5_ensemble": {
      "test_brier": 0.01592701633716756
    },
    "U0_raw_gaussian": {
      "contract_brier": 0.1958271336118425,
      "is_brier": 0.1878675501217828,
      "oos_brier": 0.20776277895776146
    },
    "U1_isotonic": {
      "contract_brier": 0.1340314163745664,
      "is_brier": 0.1312244892834183,
      "oos_brier": 0.13824049167525707
    },
    "U2_contract_ridge": {
      "contract_brier": 0.10615192161808316,
      "is_brier": 0.10154063795421006,
      "oos_brier": 0.11306668624994533
    },
    "U3_contract_mlp": {
      "contract_brier": 0.11269222457328185,
      "is_brier": 0.11133758987191733,
      "oos_brier": 0.11472354183868315
    },
    "U4_platt_on_u3": {
      "contract_brier": 0.11371740146386598,
      "is_brier": 0.1120368238995808,
      "oos_brier": 0.11623748028566197
    },
    "U5_regime_conditional": {
      "contract_brier": 0.1107316049072749,
      "is_brier": 0.11246904994857904,
      "oos_brier": 0.10812625151825278
    },
    "U6_calibrated_ensemble": {
      "contract_brier": 0.11490076280798026,
      "is_brier": 0.11366867408631018,
      "oos_brier": 0.11674831852932245
    },
    "U7_extended_mlp": {
      "contract_brier": 0.11120027150333439,
      "is_brier": 0.11154653343970285,
      "oos_brier": 0.11068104085835823
    },
    "U8_cv_ensemble": {
      "contract_brier": 0.11012257267220747,
      "is_brier": 0.11045795200063852,
      "oos_brier": 0.10961966083950861
    },
    "U9_kitchen_sink": {
      "contract_brier": 0.10601204888355323,
      "is_brier": 0.10564787052076684,
      "oos_brier": 0.10655814577245508
    },
    "Kalshi_PreSettlement": {
      "contract_brier": 0.10992065054368202
    }
  }
}