model,contract_brier,brier_DJF,brier_MAM,brier_JJA,brier_SON,val_mae,test_mae
Ridge (a=100.0),0.01578706979367881,0.01593680071199641,0.016257200083292938,0.015379948720620332,0.015574871295862516,4.534560411359048,4.42979067698201
HeteroscedasticNN,0.015843043542416342,0.01601993222133153,0.01613705416473061,0.015624988906877232,0.015590822069279956,4.766591962242388,4.423857188155182
Persistence,0.016174504083274546,0.01633014442867556,0.01651631270926258,0.01580314126066687,0.016050025455984055,,
Climatology,0.016309142333417168,0.016619587260107854,0.016531594920575703,0.015799672414609417,0.016291427387020392,,
