{
  "DJF": 0.10569888800183884,
  "MAM": 0.10874943730339934,
  "JJA": 0.1105441806501903,
  "SON": 0.09259328711095943
}