{
  "E0_persistence": {
    "test_brier": 0.016163047687145923
  },
  "E1_climatology": {
    "test_brier": 0.016267886954205987
  },
  "E2_ridge": {
    "test_brier": 0.01577316503471307,
    "alpha": 100.0
  },
  "E3_nn_128_64": {
    "test_brier": 0.015929415629689282
  },
  "E4_deep_nn": {
    "test_brier": 0.01603247788741298
  },
  "E5_ensemble": {
    "test_brier": 0.01589850537029087
  },
  "U0_raw_gaussian": {
    "contract_brier": 0.19052016439729041,
    "is_brier": 0.18487425884635705,
    "oos_brier": 0.20110558323838226
  },
  "U1_isotonic": {
    "contract_brier": 0.14286826710672923,
    "is_brier": 0.14539739497966545,
    "oos_brier": 0.1381264453393983
  },
  "U2_contract_ridge": {
    "contract_brier": 0.1205239388397572,
    "is_brier": 0.12953292672314634,
    "oos_brier": 0.10363313023169769
  },
  "U3_contract_mlp": {
    "contract_brier": 0.11623702711636626,
    "is_brier": 0.12142454347465799,
    "oos_brier": 0.10651103490800284
  },
  "U4_platt_on_u3": {
    "contract_brier": 0.11744226080969178,
    "is_brier": 0.12284581305803206,
    "oos_brier": 0.1073112263348147
  },
  "U5_regime_conditional": {
    "contract_brier": 0.1155097831587207,
    "is_brier": 0.11964864801480059,
    "oos_brier": 0.10774989103281747
  },
  "U6_calibrated_ensemble": {
    "contract_brier": 0.11892863650659245,
    "is_brier": 0.12343329195182545,
    "oos_brier": 0.11048292940213794
  },
  "U7_extended_mlp": {
    "contract_brier": 0.11247375913038957,
    "is_brier": 0.11560451011233139,
    "oos_brier": 0.10660396373051165
  },
  "U8_cv_ensemble": {
    "contract_brier": 0.10999555769742118,
    "is_brier": 0.11295991347524909,
    "oos_brier": 0.10443773402870397
  },
  "U9_kitchen_sink": {
    "contract_brier": 0.11242128336187218,
    "is_brier": 0.11614332894336031,
    "oos_brier": 0.10544287908814604
  },
  "Kalshi_PreSettlement": {
    "contract_brier": 0.12706111379754995
  }
}