{
  "city": "Chicago",
  "ticker": "KXHIGHCHI",
  "evaluation_unit": "listed_contract_rows",
  "contract_granularity": "day-specific Kalshi pre-settlement rows (typically 2F increments)",
  "n_total_rows": 4115,
  "n_total_dates": 1054,
  "n_test_rows": 636,
  "n_test_dates": 159,
  "n_buckets": 62,
  "methods": {
    "1_raw_uncalibrated": {
      "brier": 0.22524000299805005,
      "ece": 0.2201069081804644
    },
    "2_isotonic": {
      "brier": 0.17818372210712494,
      "ece": 0.034945877865199135
    },
    "3_platt_scaling": {
      "brier": 0.17808141909200906,
      "ece": 0.03491526386977856
    },
    "4_seasonal_regime": {
      "brier": 0.17831037546544048,
      "ece": 0.021613795194518927
    }
  },
  "best_method": "3_platt_scaling",
  "best_brier": 0.17808141909200906
}