{
  "city": "Chicago",
  "ticker": "KXHIGHCHI",
  "evaluation_unit": "listed_contract_rows",
  "contract_granularity": "day-specific Kalshi pre-settlement rows (typically 2F increments)",
  "n_total_rows": 4115,
  "n_total_dates": 1054,
  "n_test_rows": 636,
  "n_test_dates": 159,
  "n_buckets": 62,
  "methods": {
    "1_raw_uncalibrated": {
      "brier": 0.21601145857219609,
      "ece": 0.19598954655918047
    },
    "2_isotonic": {
      "brier": 0.17907647195343707,
      "ece": 0.03917820268226227
    },
    "3_platt_scaling": {
      "brier": 0.1780745987140253,
      "ece": 0.03485149887940045
    },
    "4_seasonal_regime": {
      "brier": 0.17921385584693716,
      "ece": 0.02919564539387413
    }
  },
  "best_method": "3_platt_scaling",
  "best_brier": 0.1780745987140253
}