{
  "city": "Chicago",
  "ticker": "KXHIGHCHI",
  "evaluation_unit": "listed_contract_rows",
  "contract_granularity": "day-specific Kalshi pre-settlement rows (typically 2F increments)",
  "n_total_rows": 4115,
  "n_total_dates": 1054,
  "n_test_rows": 636,
  "n_test_dates": 159,
  "n_buckets": 62,
  "methods": {
    "1_raw_uncalibrated": {
      "brier": 0.20870333289669116,
      "ece": 0.1742791797330363
    },
    "2_isotonic": {
      "brier": 0.18011845649870023,
      "ece": 0.04761826215295306
    },
    "3_platt_scaling": {
      "brier": 0.17833344798762946,
      "ece": 0.039039697574118425
    },
    "4_seasonal_regime": {
      "brier": 0.18282079212905142,
      "ece": 0.0465395031269612
    }
  },
  "best_method": "3_platt_scaling",
  "best_brier": 0.17833344798762946
}