{
  "Persistence": {
    "test_brier": 0.18698789342325028
  },
  "Climatology": {
    "test_brier": 0.2007949392020855
  },
  "Ridge (a=100.0)": {
    "test_brier": 0.17946940877251213,
    "val_mae": 4.075489901236768,
    "test_mae": 4.186961870773152,
    "alpha": 100.0
  },
  "HeteroscedasticNN": {
    "test_brier": 0.21747915414556665,
    "val_mae": 4.153224330954355,
    "test_mae": 4.6398161428482805,
    "best_epoch": 42
  }
}