{
  "E0_base_nn": {
    "contract_brier": 0.21501527144338453,
    "seasonal": {
      "DJF": 0.20174556190212023,
      "MAM": 0.20916575579680746,
      "JJA": 0.23402856339691874,
      "SON": 0.21426097712537706
    },
    "n_dates": 356
  },
  "E1_nn_isotonic": {
    "contract_brier": 0.21452452681762416,
    "seasonal": {
      "DJF": 0.2022534029674621,
      "MAM": 0.20909750553326403,
      "JJA": 0.23194661612014877,
      "SON": 0.21401415464077755
    },
    "n_dates": 356
  },
  "E2_nn_sigma_scaled": {
    "contract_brier": 0.2052222300971927,
    "seasonal": {
      "DJF": 0.1992641769416427,
      "MAM": 0.1984817459296762,
      "JJA": 0.2203255505835206,
      "SON": 0.20240361846165755
    },
    "n_dates": 356
  },
  "E3_nn_global_bias": {
    "contract_brier": 0.21498612473974218,
    "seasonal": {
      "DJF": 0.20164060105947995,
      "MAM": 0.20902780699052587,
      "JJA": 0.23398250389144468,
      "SON": 0.21443990793787987
    },
    "n_dates": 356
  },
  "E4_nn_seasonal_bias": {
    "contract_brier": 0.21484009407158167,
    "seasonal": {
      "DJF": 0.20143622967977656,
      "MAM": 0.20912042968593508,
      "JJA": 0.23395959231300473,
      "SON": 0.21396597056827965
    },
    "n_dates": 356
  },
  "E5_nn_isotonic_sigma": {
    "contract_brier": 0.20295774314902953,
    "seasonal": {
      "DJF": 0.20104043910847835,
      "MAM": 0.1977408209029382,
      "JJA": 0.21169240893174776,
      "SON": 0.20125189867790466
    },
    "n_dates": 356
  },
  "E6_nn_iso_season_sigma": {
    "contract_brier": 0.20208580373859428,
    "seasonal": {
      "DJF": 0.19897924362099526,
      "MAM": 0.1974203249882159,
      "JJA": 0.21252868600939923,
      "SON": 0.19915588792245062
    },
    "n_dates": 356
  },
  "E7_ridge_base": {
    "contract_brier": 0.17701658202955373,
    "seasonal": {
      "DJF": 0.19245086407234163,
      "MAM": 0.16852192784854844,
      "JJA": 0.17007235937957704,
      "SON": 0.17836929021833783
    },
    "n_dates": 356
  },
  "E8_ridge_isotonic": {
    "contract_brier": 0.1793576362788774,
    "seasonal": {
      "DJF": 0.19808625022634418,
      "MAM": 0.17091581304839565,
      "JJA": 0.1710498403037709,
      "SON": 0.17887625390573425
    },
    "n_dates": 356
  },
  "E9_ridge_sigma_scaled": {
    "contract_brier": 0.17727931391163856,
    "seasonal": {
      "DJF": 0.19926696198121324,
      "MAM": 0.16967410019911533,
      "JJA": 0.16115799922189822,
      "SON": 0.18092272458387432
    },
    "n_dates": 356
  },
  "E10_ridge_iso_sigma": {
    "contract_brier": 0.18097867035277357,
    "seasonal": {
      "DJF": 0.20684181108207209,
      "MAM": 0.1736176050210307,
      "JJA": 0.16326503625705077,
      "SON": 0.18225713642292704
    },
    "n_dates": 356
  },
  "E11_ridge_season_sigma": {
    "contract_brier": 0.17724507707834875,
    "seasonal": {
      "DJF": 0.19835330941680168,
      "MAM": 0.17047874277656902,
      "JJA": 0.16328484031996576,
      "SON": 0.178579996739538
    },
    "n_dates": 356
  },
  "E12_ensemble_avg": {
    "contract_brier": 0.21077422440749788,
    "seasonal": {
      "DJF": 0.19873411910687827,
      "MAM": 0.20504268527860162,
      "JJA": 0.22833931643703753,
      "SON": 0.2102150978863674
    },
    "n_dates": 356
  },
  "E13_ensemble_isotonic": {
    "contract_brier": 0.2105133323260287,
    "seasonal": {
      "DJF": 0.19884048210763894,
      "MAM": 0.2049297211903311,
      "JJA": 0.22756426572441918,
      "SON": 0.2099773936191476
    },
    "n_dates": 356
  },
  "E14_ensemble_season_sigma": {
    "contract_brier": 0.1940045580117951,
    "seasonal": {
      "DJF": 0.19254844412832767,
      "MAM": 0.18748990935986604,
      "JJA": 0.20484040308624996,
      "SON": 0.19103607372942136
    },
    "n_dates": 356
  },
  "E15_nn_conditional_sigma": {
    "contract_brier": 0.2034981164719942,
    "seasonal": {
      "DJF": 0.2021596200424168,
      "MAM": 0.19684493997141111,
      "JJA": 0.214682956189813,
      "SON": 0.20019749445250676
    },
    "n_dates": 356
  },
  "E16_platt_ridge": {
    "contract_brier": 0.14510507598090658,
    "seasonal": {
      "DJF": 0.14483205498713905,
      "MAM": 0.14322550211811447,
      "JJA": 0.1466541047445459,
      "SON": 0.14575947193579733
    },
    "n_dates": 356
  },
  "E17_ridge_brier_sigma": {
    "contract_brier": 0.1771646571506832,
    "seasonal": {
      "DJF": 0.1989380407019334,
      "MAM": 0.16949563387397443,
      "JJA": 0.1614108834029561,
      "SON": 0.18069958861737093
    },
    "n_dates": 356
  },
  "E18_ridge_crps_sigma": {
    "contract_brier": 0.1767965634759464,
    "seasonal": {
      "DJF": 0.19300141026625386,
      "MAM": 0.16832856201575347,
      "JJA": 0.16893115280599347,
      "SON": 0.17833651403984077
    },
    "n_dates": 356
  },
  "E19_platt_ensemble": {
    "contract_brier": 0.14237296288449422,
    "seasonal": {
      "DJF": 0.14480420132010952,
      "MAM": 0.1411406144081432,
      "JJA": 0.14071873482155345,
      "SON": 0.1430604303387708
    },
    "n_dates": 356
  },
  "E20_ridge_iso_brier_platt": {
    "contract_brier": 0.1455370197712455,
    "seasonal": {
      "DJF": 0.1454608990201377,
      "MAM": 0.14362162884487573,
      "JJA": 0.146618233932705,
      "SON": 0.14652865597445133
    },
    "n_dates": 356
  },
  "Kalshi_Market": {
    "contract_brier": 0.133515275024777,
    "seasonal": {
      "DJF": 0.13965494791666666,
      "MAM": 0.14322035984848486,
      "JJA": 0.132667166344294,
      "SON": 0.11803280933062879
    },
    "n_dates": 0
  }
}