{
  "Persistence": {
    "test_brier": 0.18725148189774113
  },
  "Climatology": {
    "test_brier": 0.2022349202339234
  },
  "Ridge (a=100.0)": {
    "test_brier": 0.17803759616244633,
    "val_mae": 4.253942595466847,
    "test_mae": 4.260489240768056,
    "alpha": 100.0
  },
  "HeteroscedasticNN": {
    "test_brier": 0.21817910995714632,
    "val_mae": 5.68079063074806,
    "test_mae": 6.529580782543267,
    "best_epoch": 92
  }
}