{
  "best_model": "Ridge (a=100.0)",
  "best_model_contract_brier": 0.17946940877251213,
  "all_model_briers": {
    "Ridge (a=100.0)": 0.17946940877251213,
    "Persistence": 0.18698789342325028,
    "Climatology": 0.2007949392020855,
    "HeteroscedasticNN": 0.21738886390280227
  },
  "kalshi_market_brier": 0.12811955156554042,
  "model_edge": -0.051349857206971716,
  "n_market_rows": 5653,
  "n_market_dates": 1003
}