model,contract_brier,brier_DJF,brier_MAM,brier_JJA,brier_SON,val_mae,test_mae
Ridge (a=0.1),0.16815389671440517,0.1828425827153944,0.16852123106441613,0.16266799620057448,0.1637733057495519,3.8913149699463405,4.022500536987609
HeteroscedasticNN,0.1721188783979511,0.18538963151598672,0.17900780119928736,0.17134341684633245,0.1598404595570116,3.7493605450369474,4.087241099926817
Persistence,0.17721065982155687,0.19095665066842749,0.17730546574083536,0.17432220891980407,0.17099644733504446,,
Climatology,0.195751406866992,0.2013207313449343,0.1791949164381616,0.19271071947122215,0.20548508055080197,,
