{
  "Persistence": {
    "test_brier": 0.18698789342325028
  },
  "Climatology": {
    "test_brier": 0.2007949392020855
  },
  "Ridge (a=100.0)": {
    "test_brier": 0.17946940877251225,
    "val_mae": 4.075489901236772,
    "test_mae": 4.186961870773162,
    "alpha": 100.0
  },
  "HeteroscedasticNN": {
    "test_brier": 0.2174141579831548,
    "val_mae": 4.101115852983031,
    "test_mae": 4.6964257116265635,
    "best_epoch": 51
  }
}