{
  "E0_base_nn": {
    "contract_brier": 0.21390601730235537,
    "seasonal": {
      "DJF": 0.20071679551623842,
      "MAM": 0.20831652829092115,
      "JJA": 0.23222657049169082,
      "SON": 0.2135213330355947
    },
    "n_dates": 356
  },
  "E1_nn_isotonic": {
    "contract_brier": 0.21374227158214257,
    "seasonal": {
      "DJF": 0.20055258103726448,
      "MAM": 0.2081290957166993,
      "JJA": 0.23180693980429154,
      "SON": 0.21365175403172584
    },
    "n_dates": 356
  },
  "E2_nn_sigma_scaled": {
    "contract_brier": 0.1983685730315844,
    "seasonal": {
      "DJF": 0.1924235268208563,
      "MAM": 0.19157093457755203,
      "JJA": 0.2129748865831422,
      "SON": 0.1961197113251406
    },
    "n_dates": 356
  },
  "E3_nn_global_bias": {
    "contract_brier": 0.21388652863247248,
    "seasonal": {
      "DJF": 0.20066713076794465,
      "MAM": 0.20825401735454513,
      "JJA": 0.23217247393778456,
      "SON": 0.2136135939608146
    },
    "n_dates": 356
  },
  "E4_nn_seasonal_bias": {
    "contract_brier": 0.21386957147581684,
    "seasonal": {
      "DJF": 0.20064695700305796,
      "MAM": 0.2082517495640586,
      "JJA": 0.23217350438616868,
      "SON": 0.21356517310194398
    },
    "n_dates": 356
  },
  "E5_nn_isotonic_sigma": {
    "contract_brier": 0.19773226226044216,
    "seasonal": {
      "DJF": 0.19248708988768742,
      "MAM": 0.19086678727155956,
      "JJA": 0.21040787982458856,
      "SON": 0.19689931956751833
    },
    "n_dates": 356
  },
  "E6_nn_iso_season_sigma": {
    "contract_brier": 0.19760214005879548,
    "seasonal": {
      "DJF": 0.1921304098190747,
      "MAM": 0.19063622406568545,
      "JJA": 0.21013251731866472,
      "SON": 0.19724966362081517
    },
    "n_dates": 356
  },
  "E7_ridge_base": {
    "contract_brier": 0.17848806971733883,
    "seasonal": {
      "DJF": 0.19275461583118256,
      "MAM": 0.17295722343845393,
      "JJA": 0.17363189301517665,
      "SON": 0.17561380613848293
    },
    "n_dates": 356
  },
  "E8_ridge_isotonic": {
    "contract_brier": 0.18035897638651296,
    "seasonal": {
      "DJF": 0.19411030463288284,
      "MAM": 0.17168090317324283,
      "JJA": 0.17691163935206386,
      "SON": 0.1798795815491079
    },
    "n_dates": 356
  },
  "E9_ridge_sigma_scaled": {
    "contract_brier": 0.17829384757003405,
    "seasonal": {
      "DJF": 0.19721583743310725,
      "MAM": 0.174345498910452,
      "JJA": 0.16732207650524755,
      "SON": 0.1756053660253663
    },
    "n_dates": 356
  },
  "E10_ridge_iso_sigma": {
    "contract_brier": 0.18069202633172002,
    "seasonal": {
      "DJF": 0.19887456881560536,
      "MAM": 0.1728805882800768,
      "JJA": 0.17171573400744586,
      "SON": 0.1807682170632664
    },
    "n_dates": 356
  },
  "E11_ridge_season_sigma": {
    "contract_brier": 0.178805871262983,
    "seasonal": {
      "DJF": 0.19480571596368096,
      "MAM": 0.17277918635244327,
      "JJA": 0.1702255864942832,
      "SON": 0.17868045828498655
    },
    "n_dates": 356
  },
  "E12_ensemble_avg": {
    "contract_brier": 0.21020009207488968,
    "seasonal": {
      "DJF": 0.198097999492338,
      "MAM": 0.20470327741230127,
      "JJA": 0.2275298689625444,
      "SON": 0.2096967004532952
    },
    "n_dates": 356
  },
  "E13_ensemble_isotonic": {
    "contract_brier": 0.21010814347319332,
    "seasonal": {
      "DJF": 0.19790205038108985,
      "MAM": 0.20447229206019268,
      "JJA": 0.22731697699926035,
      "SON": 0.20998174853870516
    },
    "n_dates": 356
  },
  "E14_ensemble_season_sigma": {
    "contract_brier": 0.19078169665139844,
    "seasonal": {
      "DJF": 0.18891266204635535,
      "MAM": 0.18366191592373107,
      "JJA": 0.20139596464855541,
      "SON": 0.18909570127634537
    },
    "n_dates": 356
  },
  "E15_nn_conditional_sigma": {
    "contract_brier": 0.18451283170232985,
    "seasonal": {
      "DJF": 0.19837494733332595,
      "MAM": 0.1759313304657402,
      "JJA": 0.18669277341290183,
      "SON": 0.17792091950288874
    },
    "n_dates": 356
  },
  "E16_platt_ridge": {
    "contract_brier": 0.14508540884802537,
    "seasonal": {
      "DJF": 0.1448210847594634,
      "MAM": 0.14321665683698231,
      "JJA": 0.1466310627353168,
      "SON": 0.14572328626102887
    },
    "n_dates": 356
  },
  "E17_ridge_brier_sigma": {
    "contract_brier": 0.17838779341578165,
    "seasonal": {
      "DJF": 0.1976307327626788,
      "MAM": 0.17460134243289463,
      "JJA": 0.1669148130416576,
      "SON": 0.17573904308287275
    },
    "n_dates": 356
  },
  "E18_ridge_crps_sigma": {
    "contract_brier": 0.17826264722828752,
    "seasonal": {
      "DJF": 0.19346248924535125,
      "MAM": 0.1729583484998852,
      "JJA": 0.17231640177656563,
      "SON": 0.17538020191174802
    },
    "n_dates": 356
  },
  "E19_platt_ensemble": {
    "contract_brier": 0.1423920915390505,
    "seasonal": {
      "DJF": 0.14478485045306128,
      "MAM": 0.1411573793834767,
      "JJA": 0.14070413083260191,
      "SON": 0.1431549301286076
    },
    "n_dates": 356
  },
  "E20_ridge_iso_brier_platt": {
    "contract_brier": 0.1457666065694037,
    "seasonal": {
      "DJF": 0.14564220920769114,
      "MAM": 0.14384062277338244,
      "JJA": 0.14698510583156713,
      "SON": 0.1466726229170362
    },
    "n_dates": 356
  },
  "Kalshi_Market": {
    "contract_brier": 0.133515275024777,
    "seasonal": {
      "DJF": 0.13965494791666666,
      "MAM": 0.14322035984848486,
      "JJA": 0.132667166344294,
      "SON": 0.11803280933062879
    },
    "n_dates": 0
  }
}