model,contract_brier,brier_DJF,brier_MAM,brier_JJA,brier_SON,val_mae,test_mae
Ridge (a=100.0),0.17946940877251213,0.1860405171692281,0.17408686682185692,0.17726877487652928,0.18076094649912428,4.075489901236768,4.186961870773152
Persistence,0.18698789342325028,0.19573861302267412,0.18319130940715875,0.18645286861848587,0.1839010888105415,,
Climatology,0.2007949392020855,0.19946261811377056,0.18644285406637734,0.20214548781364514,0.21019066884604592,,
HeteroscedasticNN,0.21747915414556665,0.20247143826022235,0.21128569221756666,0.2357083043643911,0.21347639352316325,4.153224330954355,4.6398161428482805
