model,contract_brier,brier_DJF,brier_MAM,brier_JJA,brier_SON,val_mae,test_mae
Ridge (a=100.0),0.17946940877251225,0.1860405171692282,0.17408686682185692,0.17726877487652945,0.18076094649912436,4.075489901236772,4.186961870773162
Persistence,0.18698789342325028,0.19573861302267412,0.18319130940715875,0.18645286861848587,0.1839010888105415,,
Climatology,0.2007949392020855,0.19946261811377056,0.18644285406637734,0.20214548781364514,0.21019066884604592,,
HeteroscedasticNN,0.2174141579831548,0.2023367940773874,0.21118486859627458,0.23559492895012757,0.21353607109047762,4.101115852983031,4.6964257116265635
