model,contract_brier,brier_DJF,brier_MAM,brier_JJA,brier_SON,val_mae,test_mae
Ridge (a=100.0),0.17803759616244633,0.18580737046343004,0.170082849808514,0.17478845217394598,0.18132958857244286,4.253942595466847,4.260489240768056
Persistence,0.18725148189774113,0.1956635286558363,0.1833004167045059,0.18707835691803926,0.1841359305931208,,
Climatology,0.2022349202339234,0.2021150643053906,0.18672665433163993,0.20240889936377074,0.21278270892073653,,
HeteroscedasticNN,0.21817910995714632,0.2032398457427226,0.21202421225623894,0.2365002930631492,0.21400522203237915,5.68079063074806,6.529580782543267
