{
  "best_brier": 0.17803759616244633,
  "best_model": "Ridge (a=100.0)",
  "n_oos_days": 1657,
  "all_models": {
    "Ridge (a=100.0)": 0.17803759616244633,
    "Persistence": 0.18725148189774113,
    "Climatology": 0.2022349202339234,
    "HeteroscedasticNN": 0.21817910995714632
  }
}