{
  "best_brier": 0.16815389671440517,
  "best_model": "Ridge (a=0.1)",
  "n_oos_days": 1657,
  "all_models": {
    "Ridge (a=0.1)": 0.16815389671440517,
    "HeteroscedasticNN": 0.1721188783979511,
    "Persistence": 0.17721065982155687,
    "Climatology": 0.195751406866992
  }
}