{
  "DJF": 0.18580737046343004,
  "MAM": 0.170082849808514,
  "JJA": 0.17478845217394598,
  "SON": 0.18132958857244286
}