{
  "DJF": 0.1860405171692282,
  "MAM": 0.17408686682185692,
  "JJA": 0.17726877487652945,
  "SON": 0.18076094649912436
}