{
  "DJF": 0.1860405171692281,
  "MAM": 0.17408686682185692,
  "JJA": 0.17726877487652928,
  "SON": 0.18076094649912428
}