{
  "DJF": 0.1828425827153944,
  "MAM": 0.16852123106441613,
  "JJA": 0.16266799620057448,
  "SON": 0.1637733057495519
}