{
  "1": 3.015141290180964,
  "2": 2.9225875070969565,
  "3": 3.236566912313541,
  "4": 3.154416759194635,
  "5": 2.6419219134649463,
  "6": 2.5748209574494165,
  "7": 2.6582423767110686,
  "8": 1.920347095740052,
  "9": 2.0273307374718526,
  "10": 1.862841822601593,
  "11": 2.5307831847534823,
  "12": 2.4335031370897227
}