{
  "total_pnl": 80.54231284157936,
  "initial_bankroll": 1000.0,
  "final_bankroll": 1080.5423128415794,
  "return_pct": 8.054231284157936,
  "n_trades": 561,
  "win_rate": 0.7112299465240641,
  "n_trading_days": 317,
  "avg_pnl_per_trade": 0.14356918510087113,
  "median_pnl_per_trade": 0.39779605921310157,
  "avg_ev_traded": 0.045435121893583334,
  "max_drawdown": -66.60383276052426,
  "max_drawdown_pct": -5.989727546993836,
  "busted": false,
  "bust_date": null,
  "sharpe_ratio": 1.6483860086408921,
  "daily_pnl_mean": 0.2540766966611631,
  "daily_pnl_std": 2.446843456975784,
  "model_brier": 0.015376874587297496,
  "market_brier": 0.017079952874323068,
  "brier_edge": 0.001703078287025572,
  "seasonal": {
    "DJF": {
      "n_trades": 66,
      "pnl": 39.906674229115325,
      "win_rate": 1.0,
      "avg_ev": 0.048131006721840675
    },
    "MAM": {
      "n_trades": 157,
      "pnl": 24.60699807993031,
      "win_rate": 0.7515923566878981,
      "avg_ev": 0.042074421002800996
    },
    "JJA": {
      "n_trades": 143,
      "pnl": 68.59385525742343,
      "win_rate": 0.8671328671328671,
      "avg_ev": 0.046240472442387895
    },
    "SON": {
      "n_trades": 195,
      "pnl": -52.56521472488035,
      "win_rate": 0.4666666666666667,
      "avg_ev": 0.04663787324080791
    }
  }
}