{
  "total_pnl": 48.05354623143671,
  "initial_bankroll": 1000.0,
  "final_bankroll": 1048.0535462314367,
  "return_pct": 4.805354623143671,
  "n_trades": 859,
  "win_rate": 0.6391152502910361,
  "n_trading_days": 317,
  "avg_pnl_per_trade": 0.05594126453019697,
  "median_pnl_per_trade": 0.38254432826060025,
  "avg_ev_traded": 0.11731206977188283,
  "max_drawdown": -61.21063641965634,
  "max_drawdown_pct": -5.951598560414931,
  "sharpe_ratio": 1.1668182064967043,
  "daily_pnl_mean": 0.1515884739162119,
  "daily_pnl_std": 2.062354193856492,
  "model_brier": 0.019045829810210288,
  "market_brier": 0.019829241390683032,
  "brier_edge": 0.000783411580472744,
  "seasonal": {
    "DJF": {
      "n_trades": 151,
      "pnl": -92.1347495181785,
      "win_rate": 0.5761589403973509,
      "avg_ev": 0.07360055312214407
    },
    "MAM": {
      "n_trades": 251,
      "pnl": -11.989540734392675,
      "win_rate": 0.6374501992031872,
      "avg_ev": 0.11508471105273171
    },
    "JJA": {
      "n_trades": 274,
      "pnl": 123.33900933446286,
      "win_rate": 0.6605839416058394,
      "avg_ev": 0.1496568083140095
    },
    "SON": {
      "n_trades": 183,
      "pnl": 28.83882714954748,
      "win_rate": 0.6612021857923497,
      "avg_ev": 0.10800631945535161
    }
  }
}