{
  "market_brier": 0.10084624742268042,
  "variants": {
    "U3_mlp": {
      "total_pnl": -73.35000000000127,
      "initial_bankroll": 1000.0,
      "final_bankroll": 926.6499999999987,
      "return_pct": -7.335000000000128,
      "n_trades": 815,
      "win_rate": 0.5865030674846625,
      "n_trading_days": 409,
      "avg_pnl_per_trade": -0.09,
      "median_pnl_per_trade": 0.40000000000000036,
      "avg_ev_traded": 0.08217560011682523,
      "max_drawdown": -180.1500000000001,
      "max_drawdown_pct": -17.56361509213221,
      "busted": false,
      "bust_date": null,
      "sharpe_ratio": -0.4865865036588732,
      "daily_pnl_mean": -0.17933985330073351,
      "daily_pnl_std": 5.850823832087119,
      "model_brier": 0.10642599592304755,
      "market_brier": 0.10084624742268042,
      "brier_edge": -0.005579748500367132,
      "seasonal": {
        "DJF": {
          "n_trades": 300,
          "pnl": -127.45000000000005,
          "win_rate": 0.45,
          "avg_ev": 0.1008051185029024
        },
        "MAM": {
          "n_trades": 217,
          "pnl": 27.800000000000015,
          "win_rate": 0.6866359447004609,
          "avg_ev": 0.07602281348673257
        },
        "JJA": {
          "n_trades": 188,
          "pnl": 106.70000000000002,
          "win_rate": 0.7553191489361702,
          "avg_ev": 0.07410524604418278
        },
        "SON": {
          "n_trades": 110,
          "pnl": -80.4,
          "win_rate": 0.4727272727272727,
          "avg_ev": 0.05729856146740466
        }
      }
    },
    "U5_regime": {
      "total_pnl": 82.39999999999804,
      "initial_bankroll": 1000.0,
      "final_bankroll": 1082.399999999998,
      "return_pct": 8.239999999999805,
      "n_trades": 980,
      "win_rate": 0.5928571428571429,
      "n_trading_days": 409,
      "avg_pnl_per_trade": 0.08408163265306118,
      "median_pnl_per_trade": 0.5999999999999996,
      "avg_ev_traded": 0.10532340389486682,
      "max_drawdown": -155.15000000000077,
      "max_drawdown_pct": -12.753277711561461,
      "busted": false,
      "bust_date": null,
      "sharpe_ratio": 0.5252051950993489,
      "daily_pnl_mean": 0.20146699266503662,
      "daily_pnl_std": 6.089409224662352,
      "model_brier": 0.11097965531069501,
      "market_brier": 0.10084624742268042,
      "brier_edge": -0.01013340788801459,
      "seasonal": {
        "DJF": {
          "n_trades": 396,
          "pnl": -87.1,
          "win_rate": 0.5227272727272727,
          "avg_ev": 0.13783897932136485
        },
        "MAM": {
          "n_trades": 242,
          "pnl": 75.99999999999999,
          "win_rate": 0.6322314049586777,
          "avg_ev": 0.10232613686263789
        },
        "JJA": {
          "n_trades": 204,
          "pnl": 148.09999999999997,
          "win_rate": 0.7107843137254902,
          "avg_ev": 0.07649878195143663
        },
        "SON": {
          "n_trades": 138,
          "pnl": -54.60000000000001,
          "win_rate": 0.5507246376811594,
          "avg_ev": 0.05988422729606932
        }
      }
    },
    "U7_extended": {
      "total_pnl": -126.90000000000123,
      "initial_bankroll": 1000.0,
      "final_bankroll": 873.0999999999988,
      "return_pct": -12.690000000000124,
      "n_trades": 656,
      "win_rate": 0.5335365853658537,
      "n_trading_days": 409,
      "avg_pnl_per_trade": -0.19344512195121957,
      "median_pnl_per_trade": 0.47500000000000053,
      "avg_ev_traded": 0.07400669284743136,
      "max_drawdown": -162.00000000000114,
      "max_drawdown_pct": -15.833455505058023,
      "busted": false,
      "bust_date": null,
      "sharpe_ratio": -0.9869609572711484,
      "daily_pnl_mean": -0.3102689486552568,
      "daily_pnl_std": 4.990437392520399,
      "model_brier": 0.10481427948033005,
      "market_brier": 0.10084624742268042,
      "brier_edge": -0.003968032057649631,
      "seasonal": {
        "DJF": {
          "n_trades": 283,
          "pnl": -96.80000000000003,
          "win_rate": 0.45229681978798586,
          "avg_ev": 0.09827839517005146
        },
        "MAM": {
          "n_trades": 157,
          "pnl": 35.650000000000006,
          "win_rate": 0.6624203821656051,
          "avg_ev": 0.06299927137719288
        },
        "JJA": {
          "n_trades": 105,
          "pnl": -3.3499999999999996,
          "win_rate": 0.6095238095238096,
          "avg_ev": 0.052300773266950124
        },
        "SON": {
          "n_trades": 111,
          "pnl": -62.40000000000001,
          "win_rate": 0.4864864864864865,
          "avg_ev": 0.04822646734721947
        }
      }
    },
    "U8_cv": {
      "total_pnl": -65.84999999999991,
      "initial_bankroll": 1000.0,
      "final_bankroll": 934.1500000000001,
      "return_pct": -6.584999999999991,
      "n_trades": 580,
      "win_rate": 0.5586206896551724,
      "n_trading_days": 409,
      "avg_pnl_per_trade": -0.1135344827586207,
      "median_pnl_per_trade": 0.5999999999999996,
      "avg_ev_traded": 0.07601190844124983,
      "max_drawdown": -121.69999999999948,
      "max_drawdown_pct": -12.022127827719006,
      "busted": false,
      "bust_date": null,
      "sharpe_ratio": -0.5778619353711288,
      "daily_pnl_mean": -0.16100244498777505,
      "daily_pnl_std": 4.422915618805365,
      "model_brier": 0.10374126639555661,
      "market_brier": 0.10084624742268042,
      "brier_edge": -0.0028950189728761955,
      "seasonal": {
        "DJF": {
          "n_trades": 274,
          "pnl": -148.90000000000003,
          "win_rate": 0.4306569343065693,
          "avg_ev": 0.09858574339199268
        },
        "MAM": {
          "n_trades": 154,
          "pnl": 42.95,
          "win_rate": 0.6948051948051948,
          "avg_ev": 0.05902260203678288
        },
        "JJA": {
          "n_trades": 86,
          "pnl": 30.200000000000003,
          "win_rate": 0.6744186046511628,
          "avg_ev": 0.05952544739176299
        },
        "SON": {
          "n_trades": 66,
          "pnl": 9.90000000000001,
          "win_rate": 0.6212121212121212,
          "avg_ev": 0.04342036389640499
        }
      }
    },
    "U9_kitchen": {
      "total_pnl": 72.94999999999868,
      "initial_bankroll": 1000.0,
      "final_bankroll": 1072.9499999999987,
      "return_pct": 7.2949999999998685,
      "n_trades": 868,
      "win_rate": 0.6209677419354839,
      "n_trading_days": 409,
      "avg_pnl_per_trade": 0.0840437788018433,
      "median_pnl_per_trade": 0.6500000000000004,
      "avg_ev_traded": 0.07968634797917794,
      "max_drawdown": -120.99999999999955,
      "max_drawdown_pct": -11.76985555177273,
      "busted": false,
      "bust_date": null,
      "sharpe_ratio": 0.5210921106677235,
      "daily_pnl_mean": 0.17836185819070902,
      "daily_pnl_std": 5.433601205905356,
      "model_brier": 0.10460747717553211,
      "market_brier": 0.10084624742268042,
      "brier_edge": -0.0037612297528516886,
      "seasonal": {
        "DJF": {
          "n_trades": 336,
          "pnl": -101.49999999999999,
          "win_rate": 0.5148809523809523,
          "avg_ev": 0.10813157990265397
        },
        "MAM": {
          "n_trades": 224,
          "pnl": 92.70000000000002,
          "win_rate": 0.6964285714285714,
          "avg_ev": 0.07444729480303058
        },
        "JJA": {
          "n_trades": 184,
          "pnl": 109.39999999999999,
          "win_rate": 0.7228260869565217,
          "avg_ev": 0.05993016982598593
        },
        "SON": {
          "n_trades": 124,
          "pnl": -27.650000000000006,
          "win_rate": 0.6209677419354839,
          "avg_ev": 0.04138866060301982
        }
      }
    }
  }
}