variant,model_brier,market_brier,brier_edge,total_pnl,return_pct,sharpe_ratio,win_rate,n_trades,max_drawdown,max_drawdown_pct,avg_pnl_per_trade,avg_ev_traded
U3_mlp,0.10642599592304755,0.10084624742268042,-0.005579748500367132,-73.35000000000127,-7.335000000000128,-0.4865865036588732,0.5865030674846625,815,-180.1500000000001,-17.56361509213221,-0.09,0.08217560011682523
U5_regime,0.11097965531069501,0.10084624742268042,-0.01013340788801459,82.39999999999804,8.239999999999805,0.5252051950993489,0.5928571428571429,980,-155.15000000000077,-12.753277711561461,0.08408163265306118,0.10532340389486682
U7_extended,0.10481427948033005,0.10084624742268042,-0.003968032057649631,-126.90000000000123,-12.690000000000124,-0.9869609572711484,0.5335365853658537,656,-162.00000000000114,-15.833455505058023,-0.19344512195121957,0.07400669284743136
U8_cv,0.10374126639555661,0.10084624742268042,-0.0028950189728761955,-65.84999999999991,-6.584999999999991,-0.5778619353711288,0.5586206896551724,580,-121.69999999999948,-12.022127827719006,-0.1135344827586207,0.07601190844124983
U9_kitchen,0.10460747717553211,0.10084624742268042,-0.0037612297528516886,72.94999999999868,7.2949999999998685,0.5210921106677235,0.6209677419354839,868,-120.99999999999955,-11.76985555177273,0.0840437788018433,0.07968634797917794
