{
  "market_brier": 0.10084624742268042,
  "variants": {
    "U3_mlp": {
      "total_pnl": -192.099999999999,
      "initial_bankroll": 1000.0,
      "final_bankroll": 807.900000000001,
      "return_pct": -19.209999999999898,
      "n_trades": 501,
      "win_rate": 0.38922155688622756,
      "n_trading_days": 409,
      "avg_pnl_per_trade": -0.3834331337325354,
      "median_pnl_per_trade": -0.95,
      "avg_ev_traded": 0.08852987318929981,
      "max_drawdown": -220.99999999999886,
      "max_drawdown_pct": -21.757322175732103,
      "busted": false,
      "bust_date": null,
      "sharpe_ratio": -1.6452262860075078,
      "daily_pnl_mean": -0.46968215158924265,
      "daily_pnl_std": 4.531882983828789,
      "model_brier": 0.10642599592304755,
      "market_brier": 0.10084624742268042,
      "brier_edge": -0.005579748500367132,
      "seasonal": {
        "DJF": {
          "n_trades": 218,
          "pnl": -141.70000000000007,
          "win_rate": 0.2706422018348624,
          "avg_ev": 0.10609640851776271
        },
        "MAM": {
          "n_trades": 120,
          "pnl": -5.800000000000072,
          "win_rate": 0.5166666666666667,
          "avg_ev": 0.08223312896433271
        },
        "JJA": {
          "n_trades": 97,
          "pnl": 39.99999999999992,
          "win_rate": 0.5979381443298969,
          "avg_ev": 0.07926685818105698
        },
        "SON": {
          "n_trades": 66,
          "pnl": -84.60000000000002,
          "win_rate": 0.24242424242424243,
          "avg_ev": 0.0555695256315831
        }
      }
    },
    "U5_regime": {
      "total_pnl": -181.45000000000016,
      "initial_bankroll": 1000.0,
      "final_bankroll": 818.5499999999998,
      "return_pct": -18.145000000000017,
      "n_trades": 617,
      "win_rate": 0.4181523500810373,
      "n_trading_days": 409,
      "avg_pnl_per_trade": -0.294084278768234,
      "median_pnl_per_trade": -0.44999999999999996,
      "avg_ev_traded": 0.12112334983766622,
      "max_drawdown": -221.3500000000006,
      "max_drawdown_pct": -21.461120806670593,
      "busted": false,
      "bust_date": null,
      "sharpe_ratio": -1.412172779854957,
      "daily_pnl_mean": -0.44364303178484205,
      "daily_pnl_std": 4.987077288559432,
      "model_brier": 0.11097965531069501,
      "market_brier": 0.10084624742268042,
      "brier_edge": -0.01013340788801459,
      "seasonal": {
        "DJF": {
          "n_trades": 266,
          "pnl": -160.6500000000001,
          "win_rate": 0.3383458646616541,
          "avg_ev": 0.16139645087462073
        },
        "MAM": {
          "n_trades": 152,
          "pnl": -3.0500000000000957,
          "win_rate": 0.48026315789473684,
          "avg_ev": 0.11491655991307811
        },
        "JJA": {
          "n_trades": 117,
          "pnl": 78.34999999999991,
          "win_rate": 0.5897435897435898,
          "avg_ev": 0.08057253216534335
        },
        "SON": {
          "n_trades": 82,
          "pnl": -96.10000000000002,
          "win_rate": 0.3170731707317073,
          "avg_ev": 0.05984570179338897
        }
      }
    },
    "U7_extended": {
      "total_pnl": -89.94999999999982,
      "initial_bankroll": 1000.0,
      "final_bankroll": 910.0500000000002,
      "return_pct": -8.994999999999981,
      "n_trades": 383,
      "win_rate": 0.34986945169712796,
      "n_trading_days": 409,
      "avg_pnl_per_trade": -0.23485639686684123,
      "median_pnl_per_trade": -0.55,
      "avg_ev_traded": 0.08345087507164367,
      "max_drawdown": -114.99999999999943,
      "max_drawdown_pct": -11.332840601133228,
      "busted": false,
      "bust_date": null,
      "sharpe_ratio": -0.9693834987393619,
      "daily_pnl_mean": -0.21992665036674855,
      "daily_pnl_std": 3.601492439076374,
      "model_brier": 0.10481427948033005,
      "market_brier": 0.10084624742268042,
      "brier_edge": -0.003968032057649631,
      "seasonal": {
        "DJF": {
          "n_trades": 197,
          "pnl": -93.60000000000008,
          "win_rate": 0.27918781725888325,
          "avg_ev": 0.1084784211355361
        },
        "MAM": {
          "n_trades": 75,
          "pnl": 37.49999999999996,
          "win_rate": 0.5066666666666667,
          "avg_ev": 0.06798371193407808
        },
        "JJA": {
          "n_trades": 49,
          "pnl": -16.40000000000003,
          "win_rate": 0.3877551020408163,
          "avg_ev": 0.05162070606113111
        },
        "SON": {
          "n_trades": 62,
          "pnl": -17.450000000000024,
          "win_rate": 0.3548387096774194,
          "avg_ev": 0.0477942451078651
        }
      }
    },
    "U8_cv": {
      "total_pnl": -103.44999999999993,
      "initial_bankroll": 1000.0,
      "final_bankroll": 896.5500000000001,
      "return_pct": -10.344999999999994,
      "n_trades": 317,
      "win_rate": 0.3438485804416404,
      "n_trading_days": 409,
      "avg_pnl_per_trade": -0.32634069400630955,
      "median_pnl_per_trade": -0.55,
      "avg_ev_traded": 0.09054341378745531,
      "max_drawdown": -134.1500000000002,
      "max_drawdown_pct": -13.197894633282523,
      "busted": false,
      "bust_date": null,
      "sharpe_ratio": -1.2409887601944696,
      "daily_pnl_mean": -0.25293398533007366,
      "daily_pnl_std": 3.2354866285572186,
      "model_brier": 0.10374126639555661,
      "market_brier": 0.10084624742268042,
      "brier_edge": -0.0028950189728761955,
      "seasonal": {
        "DJF": {
          "n_trades": 177,
          "pnl": -154.20000000000005,
          "win_rate": 0.21468926553672316,
          "avg_ev": 0.11596606510431347
        },
        "MAM": {
          "n_trades": 67,
          "pnl": 14.949999999999957,
          "win_rate": 0.5074626865671642,
          "avg_ev": 0.06519384072184474
        },
        "JJA": {
          "n_trades": 45,
          "pnl": 24.699999999999957,
          "win_rate": 0.5777777777777777,
          "avg_ev": 0.05638640935120383
        },
        "SON": {
          "n_trades": 28,
          "pnl": 11.099999999999987,
          "win_rate": 0.39285714285714285,
          "avg_ev": 0.04538903207114563
        }
      }
    },
    "U9_kitchen": {
      "total_pnl": -44.50000000000091,
      "initial_bankroll": 1000.0,
      "final_bankroll": 955.4999999999991,
      "return_pct": -4.450000000000091,
      "n_trades": 467,
      "win_rate": 0.43254817987152033,
      "n_trading_days": 409,
      "avg_pnl_per_trade": -0.0952890792291226,
      "median_pnl_per_trade": -0.44999999999999996,
      "avg_ev_traded": 0.09383280495132411,
      "max_drawdown": -127.94999999999959,
      "max_drawdown_pct": -12.546577760345123,
      "busted": false,
      "bust_date": null,
      "sharpe_ratio": -0.4198938567986594,
      "daily_pnl_mean": -0.10880195599022068,
      "daily_pnl_std": 4.113366933761304,
      "model_brier": 0.10460747717553211,
      "market_brier": 0.10084624742268042,
      "brier_edge": -0.0037612297528516886,
      "seasonal": {
        "DJF": {
          "n_trades": 209,
          "pnl": -145.00000000000009,
          "win_rate": 0.31100478468899523,
          "avg_ev": 0.12851315489575757
        },
        "MAM": {
          "n_trades": 130,
          "pnl": 57.6499999999999,
          "win_rate": 0.5846153846153846,
          "avg_ev": 0.07363204780775146
        },
        "JJA": {
          "n_trades": 84,
          "pnl": 58.74999999999994,
          "win_rate": 0.5595238095238095,
          "avg_ev": 0.06512738539395743
        },
        "SON": {
          "n_trades": 44,
          "pnl": -15.90000000000002,
          "win_rate": 0.3181818181818182,
          "avg_ev": 0.043586453430793516
        }
      }
    }
  }
}