variant,model_brier,market_brier,brier_edge,total_pnl,return_pct,sharpe_ratio,win_rate,n_trades,max_drawdown,max_drawdown_pct,avg_pnl_per_trade,avg_ev_traded
U3_mlp,0.10642599592304755,0.10084624742268042,-0.005579748500367132,-192.099999999999,-19.209999999999898,-1.6452262860075078,0.38922155688622756,501,-220.99999999999886,-21.757322175732103,-0.3834331337325354,0.08852987318929981
U5_regime,0.11097965531069501,0.10084624742268042,-0.01013340788801459,-181.45000000000016,-18.145000000000017,-1.412172779854957,0.4181523500810373,617,-221.3500000000006,-21.461120806670593,-0.294084278768234,0.12112334983766622
U7_extended,0.10481427948033005,0.10084624742268042,-0.003968032057649631,-89.94999999999982,-8.994999999999981,-0.9693834987393619,0.34986945169712796,383,-114.99999999999943,-11.332840601133228,-0.23485639686684123,0.08345087507164367
U8_cv,0.10374126639555661,0.10084624742268042,-0.0028950189728761955,-103.44999999999993,-10.344999999999994,-1.2409887601944696,0.3438485804416404,317,-134.1500000000002,-13.197894633282523,-0.32634069400630955,0.09054341378745531
U9_kitchen,0.10460747717553211,0.10084624742268042,-0.0037612297528516886,-44.50000000000091,-4.450000000000091,-0.4198938567986594,0.43254817987152033,467,-127.94999999999959,-12.546577760345123,-0.0952890792291226,0.09383280495132411
