{
  "market_brier": 0.12530385352760737,
  "variants": {
    "U3_mlp": {
      "total_pnl": 1832.5500000000025,
      "initial_bankroll": 1000.0,
      "final_bankroll": 2832.5500000000025,
      "return_pct": 183.25500000000025,
      "n_trades": 2396,
      "win_rate": 0.6702838063439065,
      "n_trading_days": 1144,
      "avg_pnl_per_trade": 0.7648372287145233,
      "median_pnl_per_trade": 1.549999999999999,
      "avg_ev_traded": 0.13137202952825766,
      "max_drawdown": -223.7499999999991,
      "max_drawdown_pct": -7.355962850332834,
      "sharpe_ratio": 4.327449871258296,
      "daily_pnl_mean": 1.601879370629369,
      "daily_pnl_std": 5.876219812262279,
      "model_brier": 0.11448860682705492,
      "market_brier": 0.12530385352760737,
      "brier_edge": 0.01081524670055245,
      "seasonal": {
        "DJF": {
          "n_trades": 685,
          "pnl": 373.6999999999995,
          "win_rate": 0.5956204379562043,
          "avg_ev": 0.13389083394616388
        },
        "MAM": {
          "n_trades": 715,
          "pnl": 597.1499999999994,
          "win_rate": 0.7146853146853147,
          "avg_ev": 0.14270941242739715
        },
        "JJA": {
          "n_trades": 558,
          "pnl": 466.0999999999995,
          "win_rate": 0.6971326164874552,
          "avg_ev": 0.12108804587270205
        },
        "SON": {
          "n_trades": 438,
          "pnl": 395.5999999999997,
          "win_rate": 0.680365296803653,
          "avg_ev": 0.12202694523750308
        }
      }
    },
    "U5_regime": {
      "total_pnl": 1979.7999999999993,
      "initial_bankroll": 1000.0,
      "final_bankroll": 2979.7999999999993,
      "return_pct": 197.97999999999993,
      "n_trades": 2460,
      "win_rate": 0.6902439024390243,
      "n_trading_days": 1144,
      "avg_pnl_per_trade": 0.8047967479674788,
      "median_pnl_per_trade": 1.6499999999999986,
      "avg_ev_traded": 0.1329210411429558,
      "max_drawdown": -294.4000000000001,
      "max_drawdown_pct": -8.991509376336209,
      "sharpe_ratio": 4.5853233239754685,
      "daily_pnl_mean": 1.7305944055944038,
      "daily_pnl_std": 5.991362563570798,
      "model_brier": 0.11475858014850862,
      "market_brier": 0.12530385352760737,
      "brier_edge": 0.010545273379098746,
      "seasonal": {
        "DJF": {
          "n_trades": 752,
          "pnl": 383.14999999999935,
          "win_rate": 0.6236702127659575,
          "avg_ev": 0.14818138260385422
        },
        "MAM": {
          "n_trades": 713,
          "pnl": 688.7499999999993,
          "win_rate": 0.7489481065918654,
          "avg_ev": 0.1362139516828796
        },
        "JJA": {
          "n_trades": 558,
          "pnl": 424.5499999999995,
          "win_rate": 0.6827956989247311,
          "avg_ev": 0.12439580816036001
        },
        "SON": {
          "n_trades": 437,
          "pnl": 483.3499999999997,
          "win_rate": 0.7185354691075515,
          "avg_ev": 0.11217380546956264
        }
      }
    },
    "U7_extended": {
      "total_pnl": 2405.9500000000016,
      "initial_bankroll": 1000.0,
      "final_bankroll": 3405.9500000000016,
      "return_pct": 240.59500000000017,
      "n_trades": 2042,
      "win_rate": 0.7105778648383937,
      "n_trading_days": 1144,
      "avg_pnl_per_trade": 1.178232125367286,
      "median_pnl_per_trade": 1.8249999999999988,
      "avg_ev_traded": 0.13816685009682478,
      "max_drawdown": -108.25000000000227,
      "max_drawdown_pct": -3.0843531406266202,
      "sharpe_ratio": 6.068667173332187,
      "daily_pnl_mean": 2.1031031468531456,
      "daily_pnl_std": 5.501327803121751,
      "model_brier": 0.10913273710448786,
      "market_brier": 0.12530385352760737,
      "brier_edge": 0.01617111642311951,
      "seasonal": {
        "DJF": {
          "n_trades": 581,
          "pnl": 564.0499999999995,
          "win_rate": 0.6385542168674698,
          "avg_ev": 0.13737020700464836
        },
        "MAM": {
          "n_trades": 612,
          "pnl": 820.8999999999994,
          "win_rate": 0.7630718954248366,
          "avg_ev": 0.15043582538526654
        },
        "JJA": {
          "n_trades": 450,
          "pnl": 530.5499999999996,
          "win_rate": 0.7266666666666667,
          "avg_ev": 0.13048047791546072
        },
        "SON": {
          "n_trades": 399,
          "pnl": 490.44999999999965,
          "win_rate": 0.7167919799498746,
          "avg_ev": 0.1291771364167294
        }
      }
    },
    "U8_cv": {
      "total_pnl": 2391.2000000000075,
      "initial_bankroll": 1000.0,
      "final_bankroll": 3391.2000000000075,
      "return_pct": 239.12000000000074,
      "n_trades": 1842,
      "win_rate": 0.7204125950054289,
      "n_trading_days": 1144,
      "avg_pnl_per_trade": 1.2981541802388699,
      "median_pnl_per_trade": 2.1499999999999986,
      "avg_ev_traded": 0.13490816620582483,
      "max_drawdown": -140.19999999999982,
      "max_drawdown_pct": -4.005542619602003,
      "sharpe_ratio": 6.492805599503865,
      "daily_pnl_mean": 2.090209790209789,
      "daily_pnl_std": 5.110433578917104,
      "model_brier": 0.1094323745446263,
      "market_brier": 0.12530385352760737,
      "brier_edge": 0.015871478982981066,
      "seasonal": {
        "DJF": {
          "n_trades": 517,
          "pnl": 483.04999999999967,
          "win_rate": 0.6131528046421664,
          "avg_ev": 0.136808006259363
        },
        "MAM": {
          "n_trades": 556,
          "pnl": 753.2499999999995,
          "win_rate": 0.7589928057553957,
          "avg_ev": 0.14301158210258738
        },
        "JJA": {
          "n_trades": 428,
          "pnl": 636.3499999999996,
          "win_rate": 0.7850467289719626,
          "avg_ev": 0.12183930777774929
        },
        "SON": {
          "n_trades": 341,
          "pnl": 518.5499999999997,
          "win_rate": 0.7390029325513197,
          "avg_ev": 0.1352182977628252
        }
      }
    },
    "U9_kitchen": {
      "total_pnl": 2328.2999999999997,
      "initial_bankroll": 1000.0,
      "final_bankroll": 3328.2999999999997,
      "return_pct": 232.82999999999996,
      "n_trades": 2407,
      "win_rate": 0.7033651848774408,
      "n_trading_days": 1144,
      "avg_pnl_per_trade": 0.9673036975488153,
      "median_pnl_per_trade": 1.6999999999999993,
      "avg_ev_traded": 0.12104654512502586,
      "max_drawdown": -128.9000000000019,
      "max_drawdown_pct": -3.749490953516838,
      "sharpe_ratio": 5.5626090882426835,
      "daily_pnl_mean": 2.0352272727272713,
      "daily_pnl_std": 5.808107461493796,
      "model_brier": 0.10992691021359874,
      "market_brier": 0.12530385352760737,
      "brier_edge": 0.015376943314008629,
      "seasonal": {
        "DJF": {
          "n_trades": 660,
          "pnl": 493.8999999999995,
          "win_rate": 0.6424242424242425,
          "avg_ev": 0.12946781682685654
        },
        "MAM": {
          "n_trades": 730,
          "pnl": 735.3499999999993,
          "win_rate": 0.7465753424657534,
          "avg_ev": 0.12788322016287773
        },
        "JJA": {
          "n_trades": 554,
          "pnl": 630.5499999999995,
          "win_rate": 0.7256317689530686,
          "avg_ev": 0.11111269965271625
        },
        "SON": {
          "n_trades": 463,
          "pnl": 468.49999999999966,
          "win_rate": 0.6954643628509719,
          "avg_ev": 0.1101492196192363
        }
      }
    }
  }
}