{
  "sigma_by_month": {
    "1": 2.4436981240106466,
    "2": 3.768207668700893,
    "3": 3.603968348004904,
    "4": 2.9822721469945788,
    "5": 3.0603253623968274,
    "6": 2.3889393229102707,
    "7": 2.406361477103272,
    "8": 2.140872909843052,
    "9": 2.2269329657044024,
    "10": 2.502121476363531,
    "11": 2.963707134288143,
    "12": 3.403697194225299
  },
  "monthly_scale": {
    "1": 0.7938218049758273,
    "2": 1.0567829469480026,
    "3": 0.9405932976845448,
    "4": 0.8589832643746346,
    "5": 0.9746891313493817,
    "6": 0.9185857261669338,
    "7": 0.9693193228458485,
    "8": 0.938970315334446,
    "9": 0.9388974058369435,
    "10": 0.9892061191891116,
    "11": 1.0646463312567016,
    "12": 1.1261157239697048
  },
  "regime_thresholds": {
    "spread_high": 3.0,
    "consensus_high": 0.0,
    "dod_high": 6.4451678693294525
  }
}