season,oos_pnl,oos_trades,oos_win_rate,oos_mean_pnl
Winter (DJF),242.15062070549024,15,0.6666666666666666,16.143374713699348
Spring (MAM),806.5874153571528,81,0.5185185185185185,9.957869325396949
Summer (JJA),597.4680873404596,45,0.6888888888888889,13.27706860756577
Fall (SON),979.094712822418,52,0.8076923076923077,18.828744477354192
