{
  "verdict": "VALIDATED",
  "action": "Proceed to live paper trading with frozen parameters",
  "oos_sharpe": 9.722688676484394,
  "oos_roi": 0.262530083622552,
  "oos_pnl": 2625.30083622552,
  "strategy_config": {
    "strategy_name": "S0396_ev0.15_proportional_kf0.05_fee0.07_mp0.05_br10000",
    "n_trades": 610,
    "n_days": 7310,
    "total_pnl": 6452.62861100753,
    "roi": 0.6452628611007529,
    "sharpe_ratio": 9.343655062200886,
    "max_drawdown": 155.73362845495785,
    "win_rate": 0.6081967213114754,
    "avg_ev": 0.28338276467990564,
    "selection_reason": "Both Sharpe > 2.0 and within 0.2; selected higher P&L"
  },
  "data_source": "Real GHCN + Kalshi API"
}