period,season,model_brier,enhanced_proxy_brier,n,kalshi_brier
IS,Winter,0.17990710358646692,0.19108058292868876,1077,0.023619220055710304
IS,Spring,0.18351028736352024,0.1866480756392964,1104,0.015323188405797104
IS,Summer,0.16858661966623756,0.17329024059252915,1104,0.025110960144927537
IS,Fall,0.1769783811748507,0.18261781482550152,1092,0.03600274725274725
OOS,Winter,0.1620408737002392,0.17269587295182182,515,0.005144466019417476
OOS,Spring,0.20176271346795413,0.20587667240252008,552,0.000596557971014493
OOS,Summer,0.17277210018039796,0.18358452199364625,552,0.00028713768115942034
OOS,Fall,0.18084254823692358,0.18932840308394144,546,0.0025573260073260074
