{
  "sigma_by_month": {
    "1": 2.5566779197895295,
    "2": 3.923191574077641,
    "3": 3.58001347075718,
    "4": 3.058201544492585,
    "5": 2.964858108388321,
    "6": 2.500728925160708,
    "7": 2.3595809613590255,
    "8": 2.168905949683481,
    "9": 2.319685236072923,
    "10": 2.5431951170161637,
    "11": 2.8821651438778053,
    "12": 3.43435593663766
  },
  "monthly_scale": {
    "1": 0.7996327801544159,
    "2": 1.1201638002183225,
    "3": 0.9486720017513738,
    "4": 0.8798178868870372,
    "5": 0.9438242796191354,
    "6": 0.9587050398435037,
    "7": 0.943755324564584,
    "8": 0.895405423759518,
    "9": 0.9845568838991494,
    "10": 0.982822470510952,
    "11": 1.0416175110580859,
    "12": 1.0790589841437621
  },
  "regime_thresholds": {
    "spread_high": 3.0,
    "consensus_high": 0.2648405785565564,
    "dod_high": 6.4950202047824845
  }
}