{
  "overall": {
    "ks_statistic": 0.3955532501501987,
    "p_value": 3.987473151191066e-155,
    "is_uniform": false,
    "mean": 0.4982798728020801,
    "std": 0.04211232694389172,
    "n": 1096
  },
  "by_season": {
    "Winter": {
      "ks_statistic": 0.39051737320184343,
      "p_value": 9.766554623377623e-38,
      "is_uniform": false,
      "mean": 0.4948093373368226,
      "n": 271
    },
    "Spring": {
      "ks_statistic": 0.403923608766511,
      "p_value": 3.4834896569771675e-41,
      "is_uniform": false,
      "mean": 0.4993009382467694,
      "n": 276
    },
    "Summer": {
      "ks_statistic": 0.44234566029605793,
      "p_value": 1.0289170682234181e-49,
      "is_uniform": false,
      "mean": 0.490997698813915,
      "n": 276
    },
    "Fall": {
      "ks_statistic": 0.39542734135066404,
      "p_value": 5.337450761565956e-39,
      "is_uniform": false,
      "mean": 0.5080548950331578,
      "n": 273
    }
  },
  "mean_crps": 13.005526810639706
}