{
  "overall": {
    "n": 1096,
    "bias": -0.2406729804686385,
    "mae": 4.299914583150487,
    "rmse": 5.817237171921843
  },
  "by_season": {
    "Winter": {
      "n": 271,
      "bias": -0.7265310981440809,
      "mae": 5.902150013209269,
      "rmse": 7.53876211398838
    },
    "Spring": {
      "n": 276,
      "bias": -0.09626782458761494,
      "mae": 4.356584483160489,
      "rmse": 5.625766748037913
    },
    "Summer": {
      "n": 276,
      "bias": -1.2369716644287108,
      "mae": 2.7050259874869087,
      "rmse": 3.808901970791538
    },
    "Fall": {
      "n": 273,
      "bias": 1.1028807324978902,
      "mae": 4.264539339393924,
      "rmse": 5.7250362446865894
    }
  },
  "by_regime": {
    "cold": {
      "n": 365,
      "bias": -0.10050143620739271,
      "mae": 5.957257264228715,
      "rmse": 7.544671240647629,
      "mu_range": [
        28.8897647857666,
        75.17893981933594
      ]
    },
    "normal": {
      "n": 365,
      "bias": 0.5004243122257599,
      "mae": 4.231563915513966,
      "rmse": 5.393120031094343,
      "mu_range": [
        75.18293762207031,
        91.74337005615234
      ]
    },
    "hot": {
      "n": 366,
      "bias": -1.1195339790719452,
      "mae": 2.7152640779422286,
      "rmse": 3.9449983225098597,
      "mu_range": [
        91.77896118164062,
        111.01256561279295
      ]
    }
  }
}